Date,Tavg,SnowFall,PrecipTotal,AvgSpeed,RH
2007-05-01,67.5,0.0,0.0,9.399999999999999,54.16666666666667
2007-05-02,51.5,0.0,0.0,13.4,73.61111111111111
2007-05-03,57.0,0.0,0.0,12.55,52.77777777777778
2007-05-04,58.0,0.0,0.0005,10.600000000000001,54.16666666666667
2007-05-05,60.0,0.0,0.001,11.75,40.27777777777778
2007-05-06,59.5,0.0,0.0,14.75,18.055555555555557
2007-05-07,66.0,0.0,0.0005,10.2,27.777777777777786
2007-05-08,69.0,0.0,0.0005,5.6,68.05555555555556
2007-05-09,69.5,0.0,0.075,6.050000000000001,72.22222222222223
2007-05-10,70.5,0.0,0.0,4.0,48.611111111111114
2007-05-11,61.0,0.0,0.0,12.850000000000001,50.0
2007-05-12,55.5,0.0,0.0,12.95,47.22222222222222
2007-05-13,56.5,0.0,0.0,7.85,33.33333333333334
2007-05-14,72.5,0.0,0.0,15.95,26.388888888888886
2007-05-15,69.0,0.0,0.49,11.55,63.88888888888889
2007-05-16,55.0,0.0,0.10500000000000001,12.0,65.27777777777777
2007-05-17,53.0,0.0,0.0,11.75,41.66666666666667
2007-05-18,57.0,0.0,0.0,6.5,26.388888888888886
2007-05-19,68.0,0.0,0.0,11.4,16.66666666666667
2007-05-20,56.5,0.0,0.09,10.2,55.55555555555556
2007-05-21,62.5,0.0,0.0,8.0,65.27777777777777
2007-05-22,72.5,0.0,0.0,10.399999999999999,23.611111111111114
2007-05-23,76.5,0.0,0.0,11.5,22.22222222222223
2007-05-24,76.5,0.0,0.0105,16.25,36.111111111111114
2007-05-25,62.5,0.0,0.0455,8.5,51.38888888888889
2007-05-26,58.5,0.0,0.645,7.5,90.27777777777777
2007-05-27,66.5,0.0,0.06,9.35,48.611111111111114
2007-05-28,65.0,0.0,0.0005,5.25,52.77777777777778
2007-05-29,75.5,0.0,0.0,6.95,52.77777777777778
2007-05-30,78.5,0.0,0.0,10.35,41.66666666666667
2007-05-31,73.0,0.0,0.27,9.55,66.66666666666667
2007-06-01,75.5,0.0,0.2,6.1,65.27777777777777
2007-06-02,74.0,0.0,0.0205,7.8,68.05555555555556
2007-06-03,70.5,0.0,0.165,6.95,70.83333333333334
2007-06-04,64.5,0.0,0.35,9.899999999999999,80.55555555555556
2007-06-05,56.5,0.0,0.345,7.85,75.0
2007-06-06,59.5,0.0,0.0055,11.0,66.66666666666667
2007-06-07,81.5,0.0,0.0,21.9,44.44444444444444
2007-06-08,70.5,0.0,0.0,13.100000000000001,52.77777777777778
2007-06-09,67.0,0.0,0.0,4.85,47.22222222222222
2007-06-10,69.5,0.0,0.0,5.699999999999999,47.22222222222222
2007-06-11,73.5,0.0,0.0,7.65,38.88888888888889
2007-06-12,73.5,0.0,0.0,9.4,36.111111111111114
2007-06-13,75.5,0.0,0.0,8.6,37.5
2007-06-14,78.0,0.0,0.0,6.6,34.72222222222223
2007-06-15,77.5,0.0,0.0,4.5,40.27777777777778
2007-06-16,80.0,0.0,0.001,5.949999999999999,45.833333333333336
2007-06-17,81.0,0.0,0.08,6.199999999999999,54.16666666666667
2007-06-18,80.0,0.0,0.15000000000000002,13.85,58.333333333333336
2007-06-19,73.0,0.0,0.755,11.350000000000001,50.0
2007-06-20,73.5,0.0,0.0,8.25,37.5
2007-06-21,71.0,0.0,0.0055,10.149999999999999,44.44444444444444
2007-06-22,69.0,0.0,0.001,8.399999999999999,45.833333333333336
2007-06-23,65.0,0.0,0.195,8.55,83.33333333333334
2007-06-24,70.0,0.0,0.0,7.0,77.77777777777777
2007-06-25,77.0,0.0,0.0,6.35,70.83333333333334
2007-06-26,81.5,0.0,0.0805,7.6,65.27777777777777
2007-06-27,80.5,0.0,0.25,8.65,69.44444444444444
2007-06-28,66.5,0.0,0.0,12.9,69.44444444444444
2007-06-29,63.5,0.0,0.0,8.25,77.77777777777777
2007-06-30,67.5,0.0,0.0,6.0,44.44444444444444
2007-07-01,67.0,0.0,0.0,9.149999999999999,56.94444444444444
2007-07-02,67.0,0.0,0.0,8.3,52.77777777777778
2007-07-03,72.5,0.0,0.245,7.35,55.55555555555556
2007-07-04,76.5,0.0,0.41000000000000003,8.5,68.05555555555556
2007-07-05,79.5,0.0,0.0,7.5,45.833333333333336
2007-07-06,76.0,0.0,0.0,5.5,47.22222222222222
2007-07-07,77.5,0.0,0.0,8.35,58.333333333333336
2007-07-08,84.5,0.0,0.0,12.899999999999999,51.38888888888889
2007-07-09,82.5,0.0,0.27,8.8,55.55555555555556
2007-07-10,79.5,0.0,0.255,10.35,65.27777777777777
2007-07-11,70.0,0.0,0.0,11.05,47.22222222222222
2007-07-12,70.5,0.0,0.0,11.25,45.833333333333336
2007-07-13,67.5,0.0,0.0,5.55,58.333333333333336
2007-07-14,73.5,0.0,0.0,13.55,48.611111111111114
2007-07-15,71.5,0.0,0.0,5.7,47.22222222222222
2007-07-16,74.0,0.0,0.23,5.9,61.111111111111114
2007-07-17,76.0,0.0,0.11,6.95,70.83333333333334
2007-07-18,77.0,0.0,1.235,10.35,76.38888888888889
2007-07-19,73.0,0.0,0.085,13.15,70.83333333333334
2007-07-20,67.5,0.0,0.0,10.3,58.333333333333336
2007-07-21,66.5,0.0,0.0,7.4,59.72222222222222
2007-07-22,70.5,0.0,0.0,3.4,55.55555555555556
2007-07-23,72.5,0.0,0.0,3.95,51.38888888888889
2007-07-24,74.0,0.0,0.0005,5.050000000000001,54.16666666666667
2007-07-25,77.5,0.0,0.0005,6.8,52.77777777777778
2007-07-26,74.5,0.0,0.54,9.65,73.61111111111111
2007-07-27,77.0,0.0,0.10500000000000001,8.0,73.61111111111111
2007-07-28,74.0,0.0,0.0,10.45,75.0
2007-07-29,75.0,0.0,0.0,6.300000000000001,48.611111111111114
2007-07-30,76.0,0.0,0.0,4.449999999999999,44.44444444444444
2007-07-31,79.5,0.0,0.0,4.95,47.22222222222222
2007-08-01,80.5,0.0,0.0,3.9,50.0
2007-08-02,81.5,0.0,0.0,6.550000000000001,56.94444444444444
2007-08-03,80.5,0.0,0.0,5.75,34.72222222222223
2007-08-04,74.0,0.0,0.025,6.35,55.55555555555556
2007-08-05,78.0,0.0,1.2,9.899999999999999,80.55555555555556
2007-08-06,80.5,0.0,0.155,4.75,76.38888888888889
2007-08-07,82.5,0.0,0.685,8.9,73.61111111111111
2007-08-08,80.5,0.0,0.075,6.65,75.0
2007-08-09,78.5,0.0,0.255,6.15,79.16666666666667
2007-08-10,79.0,0.0,0.0,5.65,70.83333333333334
2007-08-11,78.0,0.0,0.0,3.9,63.88888888888889
2007-08-12,78.0,0.0,0.26,6.0,69.44444444444444
2007-08-13,74.0,0.0,0.0,7.300000000000001,48.611111111111114
2007-08-14,75.0,0.0,0.43,8.5,76.38888888888889
2007-08-15,76.5,0.0,0.53,6.449999999999999,76.38888888888889
2007-08-16,71.5,0.0,0.0,5.7,80.55555555555556
2007-08-17,71.5,0.0,0.0,7.1,51.38888888888889
2007-08-18,64.5,0.0,0.255,7.55,70.83333333333334
2007-08-19,65.5,0.0,1.33,7.45,91.66666666666667
2007-08-20,72.5,0.0,0.6950000000000001,5.800000000000001,88.88888888888889
2007-08-21,77.5,0.0,0.0055,6.0,79.16666666666667
2007-08-22,80.0,0.0,0.625,8.95,73.61111111111111
2007-08-23,79.0,0.0,2.1550000000000002,10.399999999999999,72.22222222222223
2007-08-24,75.0,0.0,0.22,7.199999999999999,77.77777777777777
2007-08-25,71.5,0.0,0.29500000000000004,6.0,76.38888888888889
2007-08-26,70.0,0.0,0.0,5.0,58.333333333333336
2007-08-27,70.5,0.0,0.0,7.35,69.44444444444444
2007-08-28,79.5,0.0,0.0,8.9,61.111111111111114
2007-08-29,77.5,0.0,0.001,8.5,63.88888888888889
2007-08-30,67.0,0.0,0.0,10.4,63.88888888888889
2007-08-31,67.0,0.0,0.0,4.9,61.111111111111114
2007-09-01,69.5,0.0,0.0,4.7,61.111111111111114
2007-09-02,73.0,0.0,0.0,5.5,54.16666666666667
2007-09-03,76.5,0.0,0.0,6.0,56.94444444444444
2007-09-04,77.5,0.0,0.0,4.65,50.0
2007-09-05,80.0,0.0,0.0005,6.6,51.38888888888889
2007-09-06,78.5,0.0,0.13,12.55,66.66666666666667
2007-09-07,77.5,0.0,0.43000000000000005,13.45,72.22222222222223
2007-09-08,72.0,0.0,0.0,8.3,59.72222222222222
2007-09-09,71.5,0.0,0.0,10.4,65.27777777777777
2007-09-10,64.0,0.0,0.305,9.35,84.72222222222223
2007-09-11,61.0,0.0,0.001,13.6,52.77777777777778
2007-09-12,56.5,0.0,0.0,5.8,61.111111111111114
2007-09-13,65.0,0.0,0.0,8.1,41.66666666666667
2007-09-14,56.5,0.0,0.0,13.2,52.77777777777778
2007-09-15,51.0,0.0,0.0,6.25,52.77777777777778
2007-09-16,59.5,0.0,0.0,7.8,43.05555555555556
2007-09-17,67.0,0.0,0.0,11.55,48.611111111111114
2007-09-18,77.0,0.0,0.0,12.95,45.833333333333336
2007-09-19,75.5,0.0,0.0,9.35,54.16666666666667
2007-09-20,69.5,0.0,0.0,6.35,70.83333333333334
2007-09-21,77.5,0.0,0.0,11.95,48.611111111111114
2007-09-22,64.0,0.0,0.0,7.25,44.44444444444444
2007-09-23,68.0,0.0,0.0,5.85,50.0
2007-09-24,80.0,0.0,0.0,11.2,51.38888888888889
2007-09-25,74.5,0.0,0.14,9.95,75.0
2007-09-26,61.5,0.0,0.115,6.949999999999999,69.44444444444444
2007-09-27,62.5,0.0,0.001,6.15,62.5
2007-09-28,63.0,0.0,0.0,6.85,52.77777777777778
2007-09-29,66.0,0.0,0.0,9.3,43.05555555555556
2007-09-30,72.0,0.0,0.14,13.899999999999999,34.72222222222223
2007-10-01,64.0,0.0,0.22999999999999998,8.5,86.11111111111111
2007-10-02,69.0,0.0,0.1,10.7,72.22222222222223
2007-10-03,65.0,0.0,0.0005,7.1,51.38888888888889
2007-10-04,68.5,0.0,0.0,5.25,65.27777777777777
2007-10-05,75.0,0.0,0.03,7.0,72.22222222222223
2007-10-06,79.0,0.0,0.0,7.050000000000001,65.27777777777777
2007-10-07,78.0,0.0,0.0,5.9,65.27777777777777
2007-10-08,74.5,0.0,0.0,10.0,61.111111111111114
2007-10-09,63.5,0.0,0.0,13.05,45.833333333333336
2007-10-10,50.5,0.0,0.001,15.05,63.88888888888889
2007-10-11,51.0,0.0,0.0,14.2,66.66666666666667
2007-10-12,50.0,0.0,0.0,5.0,58.333333333333336
2007-10-13,51.0,0.0,0.0,4.1,70.83333333333334
2007-10-14,58.0,0.0,0.08,6.3,72.22222222222223
2007-10-15,64.5,0.0,0.05500000000000001,6.25,62.5
2007-10-16,61.0,0.0,0.215,7.4,81.94444444444444
2007-10-17,61.0,0.0,0.075,9.45,77.77777777777777
2007-10-18,69.5,0.0,0.32,18.049999999999997,63.88888888888889
2007-10-19,56.5,0.0,0.0055,17.35,76.38888888888889
2007-10-20,60.5,0.0,0.0,11.85,51.38888888888889
2007-10-21,70.0,0.0,0.0,17.5,34.72222222222223
2007-10-22,57.0,0.0,0.155,9.75,72.22222222222223
2007-10-23,50.5,0.0,0.015,8.05,63.88888888888889
2007-10-24,49.0,0.0,0.0,15.9,61.111111111111114
2007-10-25,50.5,0.0,0.001,14.399999999999999,69.44444444444444
2007-10-26,59.5,0.0,0.37,7.050000000000001,69.44444444444444
2007-10-27,47.0,0.0,0.045,9.5,79.16666666666667
2007-10-28,45.0,0.0,0.0,4.15,58.333333333333336
2007-10-29,50.0,0.0,0.0,9.850000000000001,50.0
2007-10-30,54.0,0.0,0.0,11.7,54.16666666666667
2007-10-31,52.5,0.0,0.0,14.65,58.333333333333336
2008-05-01,61.0,0.0,0.0005,10.95,72.22222222222223
2008-05-02,64.0,0.0,1.01,14.05,76.38888888888889
2008-05-03,50.0,0.0,0.0055,12.7,76.38888888888889
2008-05-04,52.5,0.0,0.0,5.949999999999999,47.22222222222222
2008-05-05,62.5,0.0,0.0,6.6,31.944444444444443
2008-05-06,65.5,0.0,0.0,7.95,38.88888888888889
2008-05-07,60.5,0.0,0.735,11.7,77.77777777777777
2008-05-08,52.5,0.0,0.0,13.8,52.77777777777778
2008-05-09,50.0,0.0,0.0,6.95,56.94444444444444
2008-05-10,50.5,0.0,0.0,6.449999999999999,65.27777777777777
2008-05-11,53.0,0.0,1.205,17.75,73.61111111111111
2008-05-12,47.5,0.0,0.0,7.699999999999999,75.0
2008-05-13,58.0,0.0,0.2,15.15,63.88888888888889
2008-05-14,54.5,0.0,0.02,9.25,83.33333333333334
2008-05-15,50.0,0.0,0.0,8.0,63.88888888888889
2008-05-16,57.0,0.0,0.0,9.100000000000001,55.55555555555556
2008-05-17,62.5,0.0,0.19,14.399999999999999,40.27777777777778
2008-05-18,50.0,0.0,0.0,8.05,70.83333333333334
2008-05-19,50.5,0.0,0.001,5.95,52.77777777777778
2008-05-20,57.0,0.0,0.0005,8.45,44.44444444444444
2008-05-21,54.5,0.0,0.0,9.0,48.611111111111114
2008-05-22,52.0,0.0,0.0,10.5,61.111111111111114
2008-05-23,53.0,0.0,0.0,10.8,62.5
2008-05-24,55.0,0.0,0.0,7.9,55.55555555555556
2008-05-25,63.0,0.0,0.0005,12.15,61.111111111111114
2008-05-26,66.5,0.0,0.24,11.9,81.94444444444444
2008-05-27,47.5,0.0,0.0005,18.35,66.66666666666667
2008-05-28,53.0,0.0,0.0,8.6,45.833333333333336
2008-05-29,56.0,0.0,0.045,4.0,48.611111111111114
2008-05-30,67.0,0.0,0.35,10.55,79.16666666666667
2008-05-31,69.5,0.0,0.0,12.100000000000001,62.5
2008-06-01,64.0,0.0,0.0,5.65,51.38888888888889
2008-06-02,72.0,0.0,0.0005,5.25,45.833333333333336
2008-06-03,64.0,0.0,0.72,7.949999999999999,79.16666666666667
2008-06-04,67.5,0.0,0.0105,4.75,79.16666666666667
2008-06-05,76.0,0.0,0.43,13.9,79.16666666666667
2008-06-06,80.0,0.0,0.0155,20.5,68.05555555555556
2008-06-07,77.5,0.0,0.09,12.8,81.94444444444444
2008-06-08,75.5,0.0,1.275,11.85,80.55555555555556
2008-06-09,70.0,0.0,0.175,8.25,83.33333333333334
2008-06-10,69.5,0.0,0.0055,10.0,62.5
2008-06-11,75.0,0.0,0.0,10.2,45.833333333333336
2008-06-12,82.0,0.0,0.0,15.7,47.22222222222222
2008-06-13,74.0,0.0,0.29000000000000004,10.350000000000001,68.05555555555556
2008-06-14,72.5,0.0,0.0,9.05,44.44444444444444
2008-06-15,71.0,0.0,0.235,9.75,69.44444444444444
2008-06-16,66.5,0.0,0.0,11.35,51.38888888888889
2008-06-17,66.0,0.0,0.0,11.0,44.44444444444444
2008-06-18,67.0,0.0,0.0,7.4,48.611111111111114
2008-06-19,67.5,0.0,0.0,5.25,41.66666666666667
2008-06-20,71.0,0.0,0.065,7.550000000000001,48.611111111111114
2008-06-21,72.5,0.0,0.01,7.35,44.44444444444444
2008-06-22,70.5,0.0,0.09,4.75,50.0
2008-06-23,67.0,0.0,0.0,6.4,63.88888888888889
2008-06-24,69.5,0.0,0.0,5.6,52.77777777777778
2008-06-25,73.0,0.0,0.095,8.9,76.38888888888889
2008-06-26,78.5,0.0,0.0,7.55,66.66666666666667
2008-06-27,76.0,0.0,0.001,8.25,75.0
2008-06-28,74.5,0.0,0.0205,13.85,45.833333333333336
2008-06-29,68.5,0.0,0.39999999999999997,9.899999999999999,70.83333333333334
2008-06-30,70.0,0.0,0.0,9.35,43.05555555555556
2008-07-01,71.0,0.0,0.0,8.15,43.05555555555556
2008-07-02,75.5,0.0,0.16,12.45,62.5
2008-07-03,64.0,0.0,0.001,12.75,63.88888888888889
2008-07-04,65.5,0.0,0.0,7.05,56.94444444444444
2008-07-05,67.5,0.0,0.0,6.35,56.94444444444444
2008-07-06,74.5,0.0,0.0,9.15,52.77777777777778
2008-07-07,80.0,0.0,0.07,11.65,65.27777777777777
2008-07-08,78.0,0.0,0.15500000000000003,8.7,70.83333333333334
2008-07-09,76.0,0.0,0.0005,9.7,41.66666666666667
2008-07-10,73.5,0.0,0.575,8.899999999999999,69.44444444444444
2008-07-11,76.5,0.0,0.185,7.95,68.05555555555556
2008-07-12,74.0,0.0,0.69,10.65,70.83333333333334
2008-07-13,70.5,0.0,0.0,13.100000000000001,52.77777777777778
2008-07-14,73.0,0.0,0.0,7.449999999999999,47.22222222222222
2008-07-15,77.5,0.0,0.0,7.8500000000000005,58.333333333333336
2008-07-16,81.5,0.0,0.0,7.300000000000001,58.333333333333336
2008-07-17,81.0,0.0,0.0,9.15,58.333333333333336
2008-07-18,81.0,0.0,0.0205,6.8,62.5
2008-07-19,74.0,0.0,1.415,5.85,86.11111111111111
2008-07-20,77.0,0.0,0.585,6.35,75.0
2008-07-21,76.5,0.0,0.13,7.7,69.44444444444444
2008-07-22,70.5,0.0,0.0305,9.0,70.83333333333334
2008-07-23,71.0,0.0,0.0,8.9,47.22222222222222
2008-07-24,71.0,0.0,0.0,4.550000000000001,48.611111111111114
2008-07-25,73.5,0.0,0.0,7.25,70.83333333333334
2008-07-26,75.5,0.0,0.0,8.4,51.38888888888889
2008-07-27,73.0,0.0,0.0,6.75,58.333333333333336
2008-07-28,76.5,0.0,0.0,6.25,62.5
2008-07-29,78.5,0.0,0.14,7.9,68.05555555555556
2008-07-30,81.0,0.0,0.0,9.149999999999999,58.333333333333336
2008-07-31,80.5,0.0,0.32,6.35,65.27777777777777
2008-08-01,80.0,0.0,0.525,4.65,68.05555555555556
2008-08-02,73.5,0.0,0.0,9.2,61.111111111111114
2008-08-03,73.5,0.0,0.0,6.25,65.27777777777777
2008-08-04,79.0,0.001,1.51,9.05,70.83333333333334
2008-08-05,79.0,0.0,0.04,6.85,69.44444444444444
2008-08-06,76.0,0.0,0.005,7.5,55.55555555555556
2008-08-07,72.5,0.0,0.005,9.25,55.55555555555556
2008-08-08,71.0,0.0,0.0,7.050000000000001,52.77777777777778
2008-08-09,70.5,0.0,0.001,9.3,65.27777777777777
2008-08-10,67.0,0.0,0.0,9.45,59.72222222222222
2008-08-11,68.0,0.0,0.0,6.199999999999999,69.44444444444444
2008-08-12,69.5,0.0,0.0,3.9,65.27777777777777
2008-08-13,72.5,0.0,0.0305,4.9,62.5
2008-08-14,71.5,0.0,0.0005,8.15,68.05555555555556
2008-08-15,70.0,0.0,0.0,8.5,56.94444444444444
2008-08-16,71.0,0.0,0.0,6.45,50.0
2008-08-17,74.0,0.0,0.0,8.4,59.72222222222222
2008-08-18,75.0,0.0,0.0,7.2,51.38888888888889
2008-08-19,74.0,0.0,0.0,6.35,72.22222222222223
2008-08-20,73.5,0.0,0.0,7.550000000000001,61.111111111111114
2008-08-21,75.5,0.0,0.001,8.05,58.333333333333336
2008-08-22,79.0,0.0,0.0455,12.15,70.83333333333334
2008-08-23,79.0,0.0,0.0,9.5,66.66666666666667
2008-08-24,71.0,0.0,0.0,9.85,61.111111111111114
2008-08-25,69.5,0.0,0.0,12.25,59.72222222222222
2008-08-26,68.5,0.0,0.0,8.95,61.111111111111114
2008-08-27,71.5,0.0,0.0,5.300000000000001,58.333333333333336
2008-08-28,73.0,0.0,0.04,6.6,76.38888888888889
2008-08-29,75.5,0.0,0.0205,6.3,55.55555555555556
2008-08-30,73.0,0.0,0.0,3.5,50.0
2008-08-31,76.0,0.0,0.0,5.300000000000001,45.833333333333336
2008-09-01,77.0,0.0,0.0,7.800000000000001,36.111111111111114
2008-09-02,81.0,0.0,0.0005,4.45,44.44444444444444
2008-09-03,72.5,0.0,0.01,11.25,68.05555555555556
2008-09-04,65.0,0.0,2.79,12.3,91.66666666666667
2008-09-05,63.5,0.0,0.005,5.800000000000001,81.94444444444444
2008-09-06,64.5,0.0,0.0055,5.4,70.83333333333334
2008-09-07,65.5,0.0,0.005,7.0,61.111111111111114
2008-09-08,61.0,0.0,1.12,6.550000000000001,77.77777777777777
2008-09-09,59.0,0.0,0.005,6.15,62.5
2008-09-10,60.5,0.0,0.0,5.0,63.88888888888889
2008-09-11,67.5,0.0,0.0005,9.600000000000001,70.83333333333334
2008-09-12,71.0,0.0,0.495,6.949999999999999,90.27777777777777
2008-09-13,72.5,0.0,4.8549999999999995,9.399999999999999,93.05555555555556
2008-09-14,65.0,0.0,1.595,10.0,90.27777777777777
2008-09-15,59.0,0.0,0.0055,6.199999999999999,80.55555555555556
2008-09-16,60.5,0.0,0.0,6.0,70.83333333333334
2008-09-17,70.5,0.0,0.0,7.55,59.72222222222222
2008-09-18,66.5,0.0,0.0,7.550000000000001,69.44444444444444
2008-09-19,67.5,0.0,0.0,6.4,61.111111111111114
2008-09-20,70.0,0.0,0.0,3.0,62.5
2008-09-21,69.5,0.0,0.0,3.9000000000000004,76.38888888888889
2008-09-22,72.0,0.0,0.0,7.65,63.88888888888889
2008-09-23,72.0,0.0,0.0,7.65,56.94444444444444
2008-09-24,71.0,0.0,0.1,4.75,63.88888888888889
2008-09-25,71.0,0.0,0.0,6.75,72.22222222222223
2008-09-26,69.0,0.0,0.0,4.449999999999999,59.72222222222222
2008-09-27,67.5,0.0,0.0,2.9000000000000004,62.5
2008-09-28,64.0,0.0,0.0,7.6,80.55555555555556
2008-09-29,60.0,0.0,0.46499999999999997,4.6,88.88888888888889
2008-09-30,54.5,0.0,0.005,10.5,72.22222222222223
2008-10-01,54.0,0.0,0.0,11.05,62.5
2008-10-02,52.5,0.0,0.0,9.649999999999999,65.27777777777777
2008-10-03,53.0,0.0,0.01,8.0,70.83333333333334
2008-10-04,50.5,0.0,0.0,4.35,66.66666666666667
2008-10-05,52.5,0.0,0.045,6.9,70.83333333333334
2008-10-06,62.5,0.0,0.0,9.899999999999999,55.55555555555556
2008-10-07,60.5,0.0,0.8300000000000001,11.100000000000001,76.38888888888889
2008-10-08,57.5,0.0,0.24,8.2,83.33333333333334
2008-10-09,58.5,0.0,0.0,5.3,44.44444444444444
2008-10-10,58.5,0.0,0.0,6.4,52.77777777777778
2008-10-11,66.5,0.0,0.0,5.0,54.16666666666667
2008-10-12,72.5,0.0,0.0,5.699999999999999,51.38888888888889
2008-10-13,70.5,0.0,0.0,8.399999999999999,63.88888888888889
2008-10-14,62.0,0.0,0.001,7.0,47.22222222222222
2008-10-15,56.0,0.0,0.27,6.55,84.72222222222223
2008-10-16,51.5,0.0,0.0,7.75,63.88888888888889
2008-10-17,50.0,0.0,0.0005,7.2,70.83333333333334
2008-10-18,52.5,0.0,0.095,5.699999999999999,66.66666666666667
2008-10-19,52.0,0.0,0.0,11.65,58.333333333333336
2008-10-20,49.5,0.0,0.245,7.5,80.55555555555556
2008-10-21,47.0,0.0,0.0,8.95,69.44444444444444
2008-10-22,45.5,0.0,0.0,12.85,55.55555555555556
2008-10-23,50.0,0.0,0.125,11.3,58.333333333333336
2008-10-24,50.0,0.0,0.475,6.5,83.33333333333334
2008-10-25,48.0,0.0,0.001,12.75,79.16666666666667
2008-10-26,46.5,0.001,0.0055,18.1,62.5
2008-10-27,40.5,0.001,0.001,14.15,63.88888888888889
2008-10-28,38.5,0.0,0.0,10.600000000000001,56.94444444444444
2008-10-29,42.0,0.0,0.0,6.15,51.38888888888889
2008-10-30,48.0,0.0,0.0,9.9,54.16666666666667
2008-10-31,59.5,0.0,0.0,7.65,62.5
2009-05-01,54.0,0.0,0.03,8.55,63.88888888888889
2009-05-02,55.0,0.0,0.0,9.35,40.27777777777778
2009-05-03,57.5,0.0,0.0,4.85,36.111111111111114
2009-05-04,58.5,0.0,0.0,8.0,34.72222222222223
2009-05-05,61.0,0.0,0.0,5.95,43.05555555555556
2009-05-06,64.5,0.0,0.765,7.65,62.5
2009-05-07,67.0,0.0,0.11,9.75,59.72222222222222
2009-05-08,65.5,0.0,0.015,6.05,68.05555555555556
2009-05-09,55.0,0.0,0.0005,11.55,69.44444444444444
2009-05-10,54.5,0.0,0.01,8.7,58.333333333333336
2009-05-11,50.5,0.0,0.0,4.55,55.55555555555556
2009-05-12,56.5,0.0,0.0,9.55,34.72222222222223
2009-05-13,62.5,0.0,0.79,15.6,84.72222222222223
2009-05-14,61.5,0.0,0.0005,11.0,51.38888888888889
2009-05-15,58.0,0.0,0.5449999999999999,7.300000000000001,81.94444444444444
2009-05-16,54.5,0.0,0.02,12.45,61.111111111111114
2009-05-17,50.5,0.0,0.0,6.35,36.111111111111114
2009-05-18,54.5,0.0,0.001,9.7,36.111111111111114
2009-05-19,66.5,0.0,0.0,13.100000000000001,36.111111111111114
2009-05-20,73.0,0.0,0.0005,13.35,18.055555555555557
2009-05-21,72.5,0.0,0.0,11.850000000000001,33.33333333333334
2009-05-22,62.0,0.0,0.0,10.649999999999999,56.94444444444444
2009-05-23,66.0,0.0,0.0005,5.6,56.94444444444444
2009-05-24,63.0,0.0,0.0,10.9,54.16666666666667
2009-05-25,60.5,0.0,0.06,10.15,55.55555555555556
2009-05-26,65.0,0.0,1.555,7.3,65.27777777777777
2009-05-27,65.5,0.0,0.0105,7.75,81.94444444444444
2009-05-28,59.0,0.0,0.0,8.2,77.77777777777777
2009-05-29,64.0,0.0,0.0005,6.85,58.333333333333336
2009-05-30,65.5,0.0,0.001,6.699999999999999,45.833333333333336
2009-05-31,60.0,0.0,0.0,5.449999999999999,50.0
2009-06-01,65.5,0.0,0.635,10.55,66.66666666666667
2009-06-02,55.0,0.0,0.09,8.6,76.38888888888889
2009-06-03,53.0,0.0,0.0,11.05,62.5
2009-06-04,56.5,0.0,0.0,6.15,47.22222222222222
2009-06-05,63.0,0.0,0.0,6.95,45.833333333333336
2009-06-06,59.0,0.0,0.0105,7.45,65.27777777777777
2009-06-07,64.0,0.0,0.0205,7.300000000000001,70.83333333333334
2009-06-08,67.5,0.0,0.375,9.6,80.55555555555556
2009-06-09,61.5,0.0,0.001,7.1,76.38888888888889
2009-06-10,61.0,0.0,0.025,8.95,68.05555555555556
2009-06-11,58.0,0.0,0.575,9.65,83.33333333333334
2009-06-12,61.5,0.0,0.001,6.25,65.27777777777777
2009-06-13,61.0,0.0,0.32,7.15,73.61111111111111
2009-06-14,64.5,0.0,0.0,5.25,56.94444444444444
2009-06-15,68.0,0.0,0.0,7.050000000000001,47.22222222222222
2009-06-16,66.5,0.0,1.15,11.25,70.83333333333334
2009-06-17,67.0,0.0,0.0,6.45,79.16666666666667
2009-06-18,71.5,0.0,0.11499999999999999,6.85,77.77777777777777
2009-06-19,76.5,0.0,2.42,11.05,75.0
2009-06-20,78.5,0.0,0.0,8.6,62.5
2009-06-21,78.0,0.0,0.0055,3.7,59.72222222222222
2009-06-22,79.5,0.0,0.075,6.4,65.27777777777777
2009-06-23,83.5,0.0,0.0,4.0,58.333333333333336
2009-06-24,84.0,0.0,0.41000000000000003,5.05,55.55555555555556
2009-06-25,85.0,0.0,0.0005,4.75,54.16666666666667
2009-06-26,78.5,0.0,0.0,8.1,50.0
2009-06-27,77.5,0.0,0.175,6.9,52.77777777777778
2009-06-28,75.5,0.0,0.0,14.1,37.5
2009-06-29,71.0,0.0,0.0,13.399999999999999,52.77777777777778
2009-06-30,64.0,0.0,0.0,8.7,69.44444444444444
2009-07-01,61.0,0.0,0.0105,8.05,77.77777777777777
2009-07-02,66.5,0.0,0.0,8.2,66.66666666666667
2009-07-03,71.0,0.0,0.0,6.15,58.333333333333336
2009-07-04,65.0,0.0,0.16,4.25,80.55555555555556
2009-07-05,70.5,0.0,0.04,2.5,66.66666666666667
2009-07-06,73.5,0.0,0.0,6.65,45.833333333333336
2009-07-07,69.5,0.0,0.0005,7.25,58.333333333333336
2009-07-08,64.0,0.0,0.115,7.2,76.38888888888889
2009-07-09,70.5,0.0,0.0,7.1,63.88888888888889
2009-07-10,74.5,0.0,0.1,4.75,72.22222222222223
2009-07-11,75.5,0.0,0.685,7.3,55.55555555555556
2009-07-12,70.5,0.0,0.0,5.45,44.44444444444444
2009-07-13,71.0,0.0,0.0,6.6,33.33333333333334
2009-07-14,69.5,0.0,0.0,7.6,45.833333333333336
2009-07-15,76.0,0.0,0.5,13.100000000000001,61.111111111111114
2009-07-16,73.0,0.0,0.0855,10.55,54.16666666666667
2009-07-17,64.0,0.0,0.0005,10.600000000000001,65.27777777777777
2009-07-18,65.5,0.0,0.0,7.6499999999999995,62.5
2009-07-19,65.5,0.0,0.0,4.3,63.88888888888889
2009-07-20,67.0,0.0,0.0,6.0,68.05555555555556
2009-07-21,71.0,0.0,0.02,6.05,59.72222222222222
2009-07-22,72.0,0.0,0.0005,5.45,66.66666666666667
2009-07-23,71.5,0.0,0.05,5.5,65.27777777777777
2009-07-24,72.5,0.0,0.165,9.7,63.88888888888889
2009-07-25,74.0,0.0,0.0005,11.3,56.94444444444444
2009-07-26,73.0,0.0,0.0005,9.0,59.72222222222222
2009-07-27,74.5,0.0,0.025,9.85,62.5
2009-07-28,76.0,0.0,0.01,7.85,58.333333333333336
2009-07-29,72.5,0.0,0.0,7.1,41.66666666666667
2009-07-30,71.0,0.0,0.001,5.9,61.111111111111114
2009-07-31,71.0,0.0,0.0,7.0,54.16666666666667
2009-08-01,68.5,0.0,0.0055,10.95,73.61111111111111
2009-08-02,68.5,0.0,0.0,9.0,52.77777777777778
2009-08-03,76.5,0.0,0.065,11.850000000000001,55.55555555555556
2009-08-04,77.0,0.0,0.0,6.0,58.333333333333336
2009-08-05,71.5,0.0,0.0,4.9,54.16666666666667
2009-08-06,71.5,0.0,0.0,5.45,43.05555555555556
2009-08-07,70.0,0.0,0.28,7.5,69.44444444444444
2009-08-08,79.0,0.0,0.05,13.2,75.0
2009-08-09,84.5,0.0,0.09999999999999999,12.600000000000001,63.88888888888889
2009-08-10,78.5,0.0,0.0,8.05,63.88888888888889
2009-08-11,72.5,0.0,0.0,8.35,69.44444444444444
2009-08-12,72.5,0.0,0.0,6.45,52.77777777777778
2009-08-13,74.0,0.0,0.0,3.9,47.22222222222222
2009-08-14,77.0,0.0,0.0,6.1,50.0
2009-08-15,79.0,0.0,0.0,8.8,50.0
2009-08-16,80.0,0.0,0.45,10.149999999999999,65.27777777777777
2009-08-17,77.0,0.0,0.45999999999999996,6.65,75.0
2009-08-18,74.5,0.0,0.0,8.2,59.72222222222222
2009-08-19,72.0,0.0,0.48,8.45,69.44444444444444
2009-08-20,71.5,0.0,0.095,12.6,70.83333333333334
2009-08-21,66.5,0.0,0.10500000000000001,11.95,76.38888888888889
2009-08-22,63.5,0.0,0.0,9.9,68.05555555555556
2009-08-23,65.5,0.0,0.0,7.0,68.05555555555556
2009-08-24,67.5,0.0,0.0,5.4,69.44444444444444
2009-08-25,71.5,0.0,0.0,8.899999999999999,70.83333333333334
2009-08-26,68.0,0.0,0.7350000000000001,7.55,86.11111111111111
2009-08-27,64.5,0.0,1.0699999999999998,10.35,88.88888888888889
2009-08-28,65.0,0.0,0.25,5.550000000000001,88.88888888888889
2009-08-29,63.0,0.0,0.015,11.45,68.05555555555556
2009-08-30,59.0,0.0,0.0005,9.9,66.66666666666667
2009-08-31,58.5,0.0,0.0,6.4,59.72222222222222
2009-09-01,60.5,0.0,0.0,3.45,65.27777777777777
2009-09-02,62.5,0.0,0.0,4.5,66.66666666666667
2009-09-03,66.0,0.0,0.0,5.95,68.05555555555556
2009-09-04,66.0,0.0,0.0,4.25,68.05555555555556
2009-09-05,67.0,0.0,0.0,5.55,72.22222222222223
2009-09-06,70.5,0.0,0.0155,5.949999999999999,68.05555555555556
2009-09-07,69.0,0.0,0.0,5.45,72.22222222222223
2009-09-08,69.5,0.0,0.0,7.65,76.38888888888889
2009-09-09,72.5,0.0,0.0,7.050000000000001,73.61111111111111
2009-09-10,73.0,0.0,0.0,7.05,69.44444444444444
2009-09-11,71.0,0.0,0.0,6.15,66.66666666666667
2009-09-12,69.5,0.0,0.0,4.65,75.0
2009-09-13,68.5,0.0,0.005,3.6,61.111111111111114
2009-09-14,71.5,0.0,0.0,2.4000000000000004,55.55555555555556
2009-09-15,73.0,0.0,0.0,7.25,59.72222222222222
2009-09-16,66.0,0.0,0.0,12.4,66.66666666666667
2009-09-17,62.0,0.0,0.0,4.800000000000001,70.83333333333334
2009-09-18,65.5,0.0,0.0,6.550000000000001,70.83333333333334
2009-09-19,66.5,0.0,0.0,5.85,68.05555555555556
2009-09-20,63.5,0.0,0.595,7.6,79.16666666666667
2009-09-21,65.0,0.0,0.001,5.05,84.72222222222223
2009-09-22,69.0,0.0,0.02,7.5,88.88888888888889
2009-09-23,69.0,0.0,0.0,4.35,81.94444444444444
2009-09-24,68.5,0.0,0.0,4.550000000000001,83.33333333333334
2009-09-25,65.0,0.0,0.09,6.8,77.77777777777777
2009-09-26,61.5,0.0,0.0005,4.6,84.72222222222223
2009-09-27,63.0,0.0,0.27999999999999997,10.2,72.22222222222223
2009-09-28,56.5,0.0,0.0055,20.45,59.72222222222222
2009-09-29,53.5,0.0,0.0005,10.25,68.05555555555556
2009-09-30,55.0,0.0,0.0,6.9,61.111111111111114
2009-10-01,51.0,0.0,0.74,9.1,86.11111111111111
2009-10-02,52.0,0.0,0.19,11.8,83.33333333333334
2009-10-03,52.5,0.0,0.07,8.600000000000001,84.72222222222223
2009-10-04,53.0,0.0,0.0005,9.25,70.83333333333334
2009-10-05,52.5,0.0,0.0,4.95,70.83333333333334
2009-10-06,55.5,0.0,0.04,15.0,75.0
2009-10-07,53.0,0.0,0.0,10.45,61.111111111111114
2009-10-08,50.0,0.0,0.13,5.199999999999999,88.88888888888889
2009-10-09,46.0,0.0,0.445,10.1,93.05555555555556
2009-10-10,40.5,0.0,0.0,7.949999999999999,70.83333333333334
2009-10-11,37.0,0.0,0.0,4.9,59.72222222222222
2009-10-12,45.5,0.0,0.0105,3.65,70.83333333333334
2009-10-13,41.5,0.0,0.0,10.65,73.61111111111111
2009-10-14,45.0,0.0,0.03,11.35,75.0
2009-10-15,43.0,0.0,0.31,9.55,86.11111111111111
2009-10-16,42.5,0.001,0.06,8.149999999999999,81.94444444444444
2009-10-17,45.0,0.0,0.0055,7.949999999999999,68.05555555555556
2009-10-18,42.5,0.0,0.0,6.550000000000001,73.61111111111111
2009-10-19,55.0,0.0,0.0,11.15,59.72222222222222
2009-10-20,56.5,0.0,0.04,6.35,75.0
2009-10-21,62.5,0.0,0.0055,11.35,68.05555555555556
2009-10-22,53.5,0.0,0.935,13.1,86.11111111111111
2009-10-23,52.5,0.0,1.09,15.8,91.66666666666667
2009-10-24,44.0,0.0,0.045,9.600000000000001,80.55555555555556
2009-10-25,53.5,0.0,0.255,7.1,73.61111111111111
2009-10-26,52.5,0.0,0.12,7.15,86.11111111111111
2009-10-27,49.0,0.0,0.11,6.75,90.27777777777777
2009-10-28,54.0,0.0,0.0,3.65,86.11111111111111
2009-10-29,54.0,0.0,0.825,12.05,88.88888888888889
2009-10-30,57.5,0.0,0.98,17.65,88.88888888888889
2009-10-31,41.5,0.0,0.0055,12.65,70.83333333333334
2010-05-01,65.0,0.0,0.06,8.75,68.05555555555556
2010-05-02,61.0,0.0,0.62,6.5,75.0
2010-05-03,61.5,0.0,0.0,9.45,54.16666666666667
2010-05-04,66.0,0.0,0.0,13.399999999999999,37.5
2010-05-05,64.5,0.0,0.001,12.45,23.611111111111114
2010-05-06,54.5,0.0,0.030000000000000002,9.6,56.94444444444444
2010-05-07,52.5,0.0,0.73,13.5,81.94444444444444
2010-05-08,46.0,0.0,0.05,14.8,69.44444444444444
2010-05-09,47.5,0.0,0.0,6.15,48.611111111111114
2010-05-10,50.5,0.0,0.001,13.6,43.05555555555556
2010-05-11,50.0,0.0,0.845,10.15,88.88888888888889
2010-05-12,49.0,0.0,0.13,10.2,88.88888888888889
2010-05-13,62.5,0.0,1.23,12.850000000000001,75.0
2010-05-14,57.5,0.0,0.0,11.75,61.111111111111114
2010-05-15,53.5,0.0,0.0,6.1,66.66666666666667
2010-05-16,55.0,0.0,0.0,10.8,66.66666666666667
2010-05-17,55.0,0.0,0.06,9.3,65.27777777777777
2010-05-18,56.0,0.0,0.0,9.95,56.94444444444444
2010-05-19,59.5,0.0,0.0,6.85,43.05555555555556
2010-05-20,61.5,0.0,0.07,7.6,65.27777777777777
2010-05-21,64.5,0.0,0.305,6.25,81.94444444444444
2010-05-22,65.5,0.0,0.005,5.75,81.94444444444444
2010-05-23,76.5,0.0,0.0,10.0,69.44444444444444
2010-05-24,81.5,0.0,0.0,8.05,58.333333333333336
2010-05-25,79.0,0.0,0.0,7.949999999999999,51.38888888888889
2010-05-26,77.5,0.0,0.001,5.15,58.333333333333336
2010-05-27,69.5,0.0,0.0,11.85,45.833333333333336
2010-05-28,68.0,0.0,0.0,9.4,48.611111111111114
2010-05-29,73.0,0.0,0.0,5.699999999999999,55.55555555555556
2010-05-30,77.0,0.0,0.0005,6.0,50.0
2010-05-31,74.5,0.0,0.915,4.75,72.22222222222223
2010-06-01,74.5,0.0,0.0,6.05,66.66666666666667
2010-06-02,67.5,0.0,1.1600000000000001,9.399999999999999,81.94444444444444
2010-06-03,64.5,0.0,0.0,7.75,48.611111111111114
2010-06-04,71.0,0.0,0.0005,9.15,68.05555555555556
2010-06-05,70.0,0.0,0.33,7.9,83.33333333333334
2010-06-06,66.5,0.0,0.001,10.8,66.66666666666667
2010-06-07,62.5,0.0,0.0,7.4,61.111111111111114
2010-06-08,63.0,0.0,0.39,9.5,83.33333333333334
2010-06-09,74.5,0.0,0.0,10.8,47.22222222222222
2010-06-10,68.0,0.0,0.0,6.7,61.111111111111114
2010-06-11,76.5,0.0,0.215,10.35,73.61111111111111
2010-06-12,70.0,0.0,0.23,7.75,80.55555555555556
2010-06-13,67.0,0.0,0.25,4.8,84.72222222222223
2010-06-14,66.0,0.0,0.0055,6.55,86.11111111111111
2010-06-15,70.0,0.0,0.735,5.9,87.5
2010-06-16,74.5,0.0,0.0,9.6,61.111111111111114
2010-06-17,75.0,0.0,0.0,7.2,62.5
2010-06-18,79.0,0.0,0.765,10.0,63.88888888888889
2010-06-19,76.0,0.0,0.0,11.05,56.94444444444444
2010-06-20,73.5,0.0,0.001,4.95,63.88888888888889
2010-06-21,76.5,0.0,0.31,7.7,70.83333333333334
2010-06-22,77.5,0.0,0.0,7.050000000000001,73.61111111111111
2010-06-23,77.5,0.0,1.05,11.5,77.77777777777777
2010-06-24,74.0,0.0,0.0,8.399999999999999,59.72222222222222
2010-06-25,74.0,0.0,0.0,7.5,65.27777777777777
2010-06-26,78.0,0.0,0.7749999999999999,6.85,65.27777777777777
2010-06-27,79.5,0.0,0.71,9.55,72.22222222222223
2010-06-28,73.5,0.0,0.0,11.5,59.72222222222222
2010-06-29,67.5,0.0,0.0,8.05,58.333333333333336
2010-06-30,66.5,0.0,0.0,6.3,54.16666666666667
2010-07-01,67.0,0.0,0.0,5.75,45.833333333333336
2010-07-02,72.0,0.0,0.0,8.0,43.05555555555556
2010-07-03,75.0,0.0,0.0,8.7,44.44444444444444
2010-07-04,81.0,0.0,0.015,10.6,56.94444444444444
2010-07-05,85.0,0.0,0.0,14.3,40.27777777777778
2010-07-06,82.5,0.0,0.205,9.6,61.111111111111114
2010-07-07,82.5,0.0,0.125,5.9,63.88888888888889
2010-07-08,81.0,0.0,0.155,5.050000000000001,68.05555555555556
2010-07-09,79.5,0.0,0.001,7.0,43.05555555555556
2010-07-10,79.0,0.0,0.005,7.55,47.22222222222222
2010-07-11,76.0,0.0,0.78,7.25,62.5
2010-07-12,75.0,0.0,0.0055,4.25,70.83333333333334
2010-07-13,77.5,0.0,0.095,6.5,63.88888888888889
2010-07-14,81.0,0.0,0.0,9.649999999999999,69.44444444444444
2010-07-15,82.0,0.0,0.005,10.2,63.88888888888889
2010-07-16,79.0,0.0,0.0,8.0,50.0
2010-07-17,82.0,0.0,0.0,6.65,48.611111111111114
2010-07-18,82.5,0.0,0.15,9.45,62.5
2010-07-19,77.5,0.0,0.0055,4.9,68.05555555555556
2010-07-20,77.0,0.0,0.0005,7.550000000000001,72.22222222222223
2010-07-21,82.0,0.0,0.0,6.55,54.16666666666667
2010-07-22,80.5,0.0,0.015,10.45,72.22222222222223
2010-07-23,82.5,0.0,2.9699999999999998,11.4,68.05555555555556
2010-07-24,78.0,0.0,4.1850000000000005,9.5,79.16666666666667
2010-07-25,74.5,0.0,0.26,9.399999999999999,58.333333333333336
2010-07-26,73.5,0.0,0.0,5.300000000000001,68.05555555555556
2010-07-27,79.0,0.0,0.0,6.550000000000001,65.27777777777777
2010-07-28,82.5,0.0,0.0,9.05,68.05555555555556
2010-07-29,75.0,0.0,0.0,7.4,54.16666666666667
2010-07-30,75.0,0.0,0.001,5.949999999999999,56.94444444444444
2010-07-31,72.5,0.0,0.64,5.3,75.0
2010-08-01,75.5,0.0,0.0,4.0,69.44444444444444
2010-08-02,76.5,0.0,0.0405,6.5,72.22222222222223
2010-08-03,76.0,0.0,0.9400000000000001,3.45,84.72222222222223
2010-08-04,76.5,0.0,0.5249999999999999,4.550000000000001,86.11111111111111
2010-08-05,76.0,0.0,0.0,10.350000000000001,61.111111111111114
2010-08-06,73.0,0.0,0.0,6.4,59.72222222222222
2010-08-07,74.0,0.0,0.0,7.75,70.83333333333334
2010-08-08,78.5,0.0,0.065,9.600000000000001,66.66666666666667
2010-08-09,81.0,0.0,0.0755,6.8,69.44444444444444
2010-08-10,82.5,0.0,0.0,5.4,68.05555555555556
2010-08-11,83.5,0.0,0.0,6.7,61.111111111111114
2010-08-12,82.5,0.0,0.0,5.7,63.88888888888889
2010-08-13,83.0,0.0,0.455,8.3,63.88888888888889
2010-08-14,80.0,0.0,0.001,4.6,68.05555555555556
2010-08-15,75.5,0.0,0.0,9.05,62.5
2010-08-16,72.0,0.0,0.0,9.600000000000001,50.0
2010-08-17,72.0,0.0,0.03,6.05,58.333333333333336
2010-08-18,74.0,0.0,0.045,3.45,62.5
2010-08-19,77.5,0.0,0.0,5.25,62.5
2010-08-20,83.0,0.0,0.0155,10.85,55.55555555555556
2010-08-21,79.0,0.0,0.52,5.6,70.83333333333334
2010-08-22,74.5,0.0,0.0,9.4,70.83333333333334
2010-08-23,73.0,0.0,0.0,7.699999999999999,72.22222222222223
2010-08-24,74.5,0.0,0.001,5.55,63.88888888888889
2010-08-25,70.5,0.0,0.0,10.100000000000001,44.44444444444444
2010-08-26,69.5,0.0,0.0,5.65,51.38888888888889
2010-08-27,72.5,0.0,0.0,7.8,50.0
2010-08-28,76.5,0.0,0.0,9.3,31.944444444444443
2010-08-29,83.0,0.0,0.0,9.55,48.611111111111114
2010-08-30,81.0,0.0,0.0,12.5,58.333333333333336
2010-08-31,84.0,0.0,0.0,13.6,54.16666666666667
2010-09-01,76.0,0.0,0.15500000000000003,7.1,75.0
2010-09-02,74.5,0.0,1.235,7.4,80.55555555555556
2010-09-03,64.0,0.0,0.0005,15.9,65.27777777777777
2010-09-04,60.0,0.0,0.001,11.9,54.16666666666667
2010-09-05,64.0,0.0,0.001,8.5,58.333333333333336
2010-09-06,75.0,0.0,0.0005,14.600000000000001,33.33333333333334
2010-09-07,69.0,0.0,0.0005,18.0,41.66666666666667
2010-09-08,61.5,0.0,0.0,7.15,61.111111111111114
2010-09-09,60.0,0.0,0.0,6.7,69.44444444444444
2010-09-10,65.0,0.0,0.0,10.2,59.72222222222222
2010-09-11,67.0,0.0,0.2,9.15,65.27777777777777
2010-09-12,68.5,0.0,0.0,8.05,50.0
2010-09-13,71.0,0.0,0.0,5.35,45.833333333333336
2010-09-14,67.0,0.0,0.0,5.25,48.611111111111114
2010-09-15,67.5,0.0,0.0205,8.8,59.72222222222222
2010-09-16,62.5,0.0,0.095,12.15,80.55555555555556
2010-09-17,62.5,0.0,0.0,4.65,63.88888888888889
2010-09-18,62.5,0.0,0.285,6.9,79.16666666666667
2010-09-19,61.5,0.0,0.0055,8.15,63.88888888888889
2010-09-20,69.5,0.0,0.001,6.8,73.61111111111111
2010-09-21,78.0,0.0,0.04,10.95,58.333333333333336
2010-09-22,69.5,0.0,0.0,5.6,76.38888888888889
2010-09-23,77.5,0.0,0.0,16.0,55.55555555555556
2010-09-24,68.0,0.0,0.23,16.950000000000003,59.72222222222222
2010-09-25,56.0,0.0,0.0005,9.2,63.88888888888889
2010-09-26,55.5,0.0,0.025500000000000002,10.95,69.44444444444444
2010-09-27,56.5,0.0,0.005,3.8000000000000003,69.44444444444444
2010-09-28,58.5,0.0,0.0,3.7,61.111111111111114
2010-09-29,63.5,0.0,0.0,5.6,52.77777777777778
2010-09-30,63.5,0.0,0.0,9.7,59.72222222222222
2010-10-01,61.5,0.0,0.05,5.9,50.0
2010-10-02,51.0,0.0,0.255,16.6,73.61111111111111
2010-10-03,49.5,0.0,0.045,11.15,69.44444444444444
2010-10-04,49.5,0.0,0.0,4.0,70.83333333333334
2010-10-05,53.5,0.0,0.0,3.1,55.55555555555556
2010-10-06,62.0,0.0,0.0,7.6,48.611111111111114
2010-10-07,63.0,0.0,0.0,5.35,34.72222222222223
2010-10-08,64.0,0.0,0.0,7.199999999999999,29.16666666666667
2010-10-09,71.5,0.0,0.0,3.9000000000000004,41.66666666666667
2010-10-10,71.5,0.0,0.0,4.0,40.27777777777778
2010-10-11,68.5,0.0,0.0,4.15,55.55555555555556
2010-10-12,64.5,0.0,0.0,4.45,70.83333333333334
2010-10-13,56.5,0.0,0.18,8.45,73.61111111111111
2010-10-14,55.0,0.0,0.0,8.6,36.111111111111114
2010-10-15,54.5,0.0,0.0,8.649999999999999,62.5
2010-10-16,57.0,0.0,0.0,8.1,50.0
2010-10-17,56.0,0.0,0.0,5.35,47.22222222222222
2010-10-18,52.5,0.0,0.0,5.9,66.66666666666667
2010-10-19,50.5,0.0,0.0,6.800000000000001,56.94444444444444
2010-10-20,57.5,0.0,0.001,12.149999999999999,37.5
2010-10-21,48.0,0.0,0.0,9.4,48.611111111111114
2010-10-22,50.0,0.0,0.015,5.8,44.44444444444444
2010-10-23,60.5,0.0,0.155,10.850000000000001,56.94444444444444
2010-10-24,64.0,0.0,0.53,9.05,66.66666666666667
2010-10-25,64.5,0.0,0.005,11.55,76.38888888888889
2010-10-26,62.5,0.0,0.32,23.85,56.94444444444444
2010-10-27,54.0,0.0,0.0,22.65,37.5
2010-10-28,43.0,0.0,0.0005,14.649999999999999,65.27777777777777
2010-10-29,41.5,0.0,0.0,7.95,58.333333333333336
2010-10-30,52.5,0.0,0.0,13.3,43.05555555555556
2010-10-31,45.0,0.0,0.0,8.4,59.72222222222222
2011-05-01,56.5,0.0,0.0,11.75,45.833333333333336
2011-05-02,51.5,0.0,0.0,9.9,43.05555555555556
2011-05-03,44.5,0.0,0.001,8.149999999999999,61.111111111111114
2011-05-04,47.5,0.0,0.0,7.449999999999999,48.611111111111114
2011-05-05,50.5,0.0,0.08,11.2,69.44444444444444
2011-05-06,56.5,0.0,0.0005,8.55,51.38888888888889
2011-05-07,52.5,0.0,0.001,7.4,79.16666666666667
2011-05-08,55.0,0.0,0.0,7.5,68.05555555555556
2011-05-09,61.5,0.0,0.001,15.149999999999999,55.55555555555556
2011-05-10,77.0,0.0,0.0,8.6,54.16666666666667
2011-05-11,76.5,0.0,0.20500000000000002,6.5,69.44444444444444
2011-05-12,73.5,0.0,0.155,7.75,68.05555555555556
2011-05-13,62.0,0.0,0.015,11.25,77.77777777777777
2011-05-14,49.0,0.0,0.37,17.049999999999997,93.05555555555556
2011-05-15,44.5,0.0,0.33999999999999997,20.15,79.16666666666667
2011-05-16,46.0,0.0,0.0,14.0,56.94444444444444
2011-05-17,50.0,0.0,0.0,13.149999999999999,55.55555555555556
2011-05-18,54.5,0.0,0.05,7.05,83.33333333333334
2011-05-19,61.5,0.0,0.0,5.4,76.38888888888889
2011-05-20,61.5,0.0,0.0,6.1,77.77777777777777
2011-05-21,63.5,0.0,0.0055,8.55,87.5
2011-05-22,75.5,0.001,0.35,11.5,55.55555555555556
2011-05-23,71.5,0.0,0.001,11.9,65.27777777777777
2011-05-24,58.0,0.0,0.06,11.95,69.44444444444444
2011-05-25,59.5,0.0,2.0700000000000003,10.899999999999999,80.55555555555556
2011-05-26,46.5,0.0,0.835,18.35,81.94444444444444
2011-05-27,49.5,0.0,0.0055,8.35,76.38888888888889
2011-05-28,57.5,0.0,0.175,6.25,93.05555555555556
2011-05-29,63.0,0.0,1.4,6.15,90.27777777777777
2011-05-30,75.0,0.0,0.0,12.2,72.22222222222223
2011-05-31,78.0,0.0,0.0405,13.2,62.5
2011-06-01,71.5,0.0,0.0,11.0,37.5
2011-06-02,63.0,0.0,0.0105,9.5,48.611111111111114
2011-06-03,72.0,0.0,0.095,11.05,70.83333333333334
2011-06-04,78.5,0.0,0.33999999999999997,8.3,59.72222222222222
2011-06-05,73.5,0.0,0.0055,5.2,48.611111111111114
2011-06-06,77.5,0.0,0.0,9.149999999999999,61.111111111111114
2011-06-07,86.5,0.0,0.0,10.35,38.88888888888889
2011-06-08,81.5,0.0,0.43,12.75,50.0
2011-06-09,60.5,0.001,1.55,12.25,79.16666666666667
2011-06-10,60.5,0.0,0.48,7.75,87.5
2011-06-11,58.0,0.0,0.065,5.75,88.88888888888889
2011-06-12,57.5,0.0,0.0,9.4,65.27777777777777
2011-06-13,63.5,0.0,0.0,8.25,43.05555555555556
2011-06-14,66.5,0.0,0.0,8.45,51.38888888888889
2011-06-15,64.5,0.0,0.8200000000000001,11.2,84.72222222222223
2011-06-16,71.5,0.0,0.035,8.3,65.27777777777777
2011-06-17,72.0,0.0,0.0,6.4,66.66666666666667
2011-06-18,73.0,0.0,0.0,6.4,69.44444444444444
2011-06-19,73.0,0.0,0.0,5.050000000000001,77.77777777777777
2011-06-20,73.5,0.0,0.705,8.8,81.94444444444444
2011-06-21,78.5,0.0,0.265,11.95,76.38888888888889
2011-06-22,70.0,0.0,0.02,13.4,79.16666666666667
2011-06-23,67.5,0.0,0.030000000000000002,13.1,77.77777777777777
2011-06-24,64.0,0.0,0.0,9.149999999999999,76.38888888888889
2011-06-25,69.5,0.0,0.0005,5.199999999999999,52.77777777777778
2011-06-26,70.5,0.0,0.0,6.95,51.38888888888889
2011-06-27,73.5,0.0,0.085,10.0,72.22222222222223
2011-06-28,72.5,0.0,0.0,9.1,47.22222222222222
2011-06-29,71.0,0.0,0.0,5.65,56.94444444444444
2011-06-30,76.0,0.0,0.0155,10.0,59.72222222222222
2011-07-01,80.5,0.0,0.005,12.850000000000001,50.0
2011-07-02,83.0,0.0,0.0,7.9,65.27777777777777
2011-07-03,77.5,0.0,0.0,6.0,44.44444444444444
2011-07-04,77.5,0.0,0.0,4.4,34.72222222222223
2011-07-05,80.0,0.0,0.0,5.9,43.05555555555556
2011-07-06,78.5,0.0,0.0005,7.4,50.0
2011-07-07,73.5,0.0,0.035500000000000004,6.65,45.833333333333336
2011-07-08,75.0,0.0,0.0,6.25,34.72222222222223
2011-07-09,77.5,0.0,0.0,6.2,48.611111111111114
2011-07-10,83.0,0.0,0.001,8.899999999999999,56.94444444444444
2011-07-11,80.0,0.0,0.26,8.25,73.61111111111111
2011-07-12,79.5,0.0,0.01,7.35,55.55555555555556
2011-07-13,69.5,0.0,0.0,11.55,65.27777777777777
2011-07-14,72.5,0.0,0.0,8.35,54.16666666666667
2011-07-15,79.0,0.0,0.0005,6.75,47.22222222222222
2011-07-16,81.0,0.0,0.0005,3.5,43.05555555555556
2011-07-17,83.5,0.0,0.0,6.800000000000001,59.72222222222222
2011-07-18,86.5,0.0,0.0055,11.25,66.66666666666667
2011-07-19,86.0,0.0,0.0,6.4,62.5
2011-07-20,87.5,0.0,0.01,10.3,59.72222222222222
2011-07-21,89.5,0.0,0.01,9.4,48.611111111111114
2011-07-22,79.0,0.0,0.845,8.6,75.0
2011-07-23,79.0,0.0,3.45,5.1,75.0
2011-07-24,80.0,0.0,0.09999999999999999,6.050000000000001,70.83333333333334
2011-07-25,81.5,0.0,0.005,6.3,58.333333333333336
2011-07-26,78.0,0.0,0.005,8.25,56.94444444444444
2011-07-27,80.5,0.0,0.3555,9.7,59.72222222222222
2011-07-28,80.5,0.0,0.3505,6.8,73.61111111111111
2011-07-29,79.5,0.0,0.53,5.75,68.05555555555556
2011-07-30,79.5,0.0,0.0,3.4,58.333333333333336
2011-07-31,80.5,0.0,0.0,5.0,68.05555555555556
2011-08-01,83.5,0.0,0.0,5.4,66.66666666666667
2011-08-02,84.0,0.0,0.355,8.8,69.44444444444444
2011-08-03,79.5,0.0,0.0,9.15,63.88888888888889
2011-08-04,76.5,0.0,0.0,6.35,72.22222222222223
2011-08-05,76.5,0.0,0.001,5.75,76.38888888888889
2011-08-06,79.0,0.0,0.43499999999999994,3.85,75.0
2011-08-07,78.0,0.0,0.62,6.0,75.0
2011-08-08,74.5,0.0,0.45999999999999996,6.0,79.16666666666667
2011-08-09,73.0,0.0,0.005,11.35,66.66666666666667
2011-08-10,69.5,0.0,0.0,8.35,56.94444444444444
2011-08-11,70.0,0.0,0.0,3.6,55.55555555555556
2011-08-12,72.5,0.0,0.0,8.45,59.72222222222222
2011-08-13,74.0,0.0,0.8400000000000001,7.25,70.83333333333334
2011-08-14,69.0,0.0,0.0055,12.149999999999999,75.0
2011-08-15,70.0,0.0,0.0,5.050000000000001,58.333333333333336
2011-08-16,73.0,0.0,0.0,3.45,55.55555555555556
2011-08-17,73.5,0.0,0.0,6.1,68.05555555555556
2011-08-18,77.0,0.0,0.0,5.2,55.55555555555556
2011-08-19,76.5,0.0,0.0,5.5,61.111111111111114
2011-08-20,73.5,0.0,0.75,4.15,81.94444444444444
2011-08-21,73.0,0.0,0.0055,8.05,58.333333333333336
2011-08-22,71.5,0.0,0.0,3.8,65.27777777777777
2011-08-23,69.0,0.0,0.525,9.65,81.94444444444444
2011-08-24,81.0,0.0,0.0,10.85,55.55555555555556
2011-08-25,73.5,0.0,0.0,7.15,59.72222222222222
2011-08-26,71.5,0.0,0.0,3.3499999999999996,62.5
2011-08-27,74.0,0.0,0.0,9.25,65.27777777777777
2011-08-28,69.0,0.0,0.0,8.55,63.88888888888889
2011-08-29,69.5,0.0,0.0,3.85,63.88888888888889
2011-08-30,70.5,0.0,0.03,6.55,56.94444444444444
2011-08-31,76.5,0.0,0.025500000000000002,7.8500000000000005,65.27777777777777
2011-09-01,83.0,0.0,0.0,6.1,65.27777777777777
2011-09-02,85.5,0.0,0.0005,7.0,54.16666666666667
2011-09-03,79.0,0.0,0.08499999999999999,5.95,68.05555555555556
2011-09-04,66.5,0.0,0.0005,11.5,66.66666666666667
2011-09-05,59.5,0.0,0.0005,15.700000000000001,61.111111111111114
2011-09-06,60.5,0.0,0.0,12.2,61.111111111111114
2011-09-07,62.5,0.0,0.0,12.05,56.94444444444444
2011-09-08,67.0,0.0,0.0305,14.3,62.5
2011-09-09,67.0,0.0,0.065,8.350000000000001,81.94444444444444
2011-09-10,67.0,0.0,0.005,2.55,79.16666666666667
2011-09-11,71.0,0.0,0.0,5.1,66.66666666666667
2011-09-12,75.0,0.0,0.0,10.100000000000001,55.55555555555556
2011-09-13,66.0,0.0,0.0,8.25,68.05555555555556
2011-09-14,53.5,0.0,0.0405,7.3,73.61111111111111
2011-09-15,51.5,0.0,0.0,8.75,55.55555555555556
2011-09-16,53.0,0.0,0.0,3.5,61.111111111111114
2011-09-17,60.0,0.0,0.0,9.25,56.94444444444444
2011-09-18,60.5,0.0,0.385,8.75,83.33333333333334
2011-09-19,62.0,0.0,0.32499999999999996,5.8,88.88888888888889
2011-09-20,63.0,0.0,0.005,6.699999999999999,75.0
2011-09-21,64.5,0.0,0.001,10.65,56.94444444444444
2011-09-22,58.0,0.0,0.0,7.050000000000001,69.44444444444444
2011-09-23,55.0,0.0,0.01,6.7,72.22222222222223
2011-09-24,57.0,0.0,0.10500000000000001,4.949999999999999,76.38888888888889
2011-09-25,58.5,0.0,0.155,5.65,84.72222222222223
2011-09-26,57.5,0.0,1.055,13.9,80.55555555555556
2011-09-27,59.0,0.0,0.28,7.7,83.33333333333334
2011-09-28,58.5,0.0,0.46,6.85,87.5
2011-09-29,58.5,0.0,0.075,13.1,77.77777777777777
2011-09-30,52.0,0.0,0.13,15.65,70.83333333333334
2011-10-01,49.5,0.0,0.001,10.75,73.61111111111111
2011-10-02,53.5,0.0,0.0,5.0,58.333333333333336
2011-10-03,57.5,0.0,0.0,4.55,63.88888888888889
2011-10-04,60.0,0.0,0.0,2.0,63.88888888888889
2011-10-05,65.5,0.0,0.0,3.05,50.0
2011-10-06,67.5,0.0,0.0,4.6,52.77777777777778
2011-10-07,70.5,0.0,0.0,7.25,48.611111111111114
2011-10-08,70.0,0.0,0.0,7.25,54.16666666666667
2011-10-09,67.0,0.0,0.0,3.8,55.55555555555556
2011-10-10,66.5,0.0,0.0,6.2,54.16666666666667
2011-10-11,68.0,0.0,0.0,4.75,58.333333333333336
2011-10-12,67.0,0.0,0.0,7.449999999999999,56.94444444444444
2011-10-13,58.5,0.0,0.385,6.5,90.27777777777777
2011-10-14,55.0,0.0,0.0,15.45,61.111111111111114
2011-10-15,54.5,0.0,0.0,15.2,48.611111111111114
2011-10-16,54.0,0.0,0.14500000000000002,8.3,58.333333333333336
2011-10-17,49.5,0.0,0.0,10.850000000000001,54.16666666666667
2011-10-18,47.5,0.0,0.04,7.85,72.22222222222223
2011-10-19,47.0,0.0,0.845,18.95,81.94444444444444
2011-10-20,44.5,0.0,0.07500000000000001,15.5,80.55555555555556
2011-10-21,46.5,0.0,0.0,5.550000000000001,65.27777777777777
2011-10-22,51.0,0.0,0.0,3.8,61.111111111111114
2011-10-23,53.5,0.0,0.21000000000000002,6.9,66.66666666666667
2011-10-24,54.0,0.0,0.03,7.199999999999999,58.333333333333336
2011-10-25,61.0,0.0,0.075,11.350000000000001,56.94444444444444
2011-10-26,50.5,0.0,0.0,13.399999999999999,76.38888888888889
2011-10-27,45.5,0.0,0.14,6.35,77.77777777777777
2011-10-28,45.0,0.0,0.015,5.65,65.27777777777777
2011-10-29,45.0,0.0,0.0,5.0,56.94444444444444
2011-10-30,46.0,0.0,0.14,11.149999999999999,69.44444444444444
2011-10-31,45.5,0.0,0.0,4.949999999999999,72.22222222222223
2012-05-01,57.5,0.0,0.20500000000000002,7.0,86.11111111111111
2012-05-02,69.0,0.0,0.0005,9.85,75.0
2012-05-03,77.0,0.001,0.7050000000000001,12.65,65.27777777777777
2012-05-04,63.0,0.0,0.28,9.6,77.77777777777777
2012-05-05,57.0,0.0,0.0005,8.0,88.88888888888889
2012-05-06,62.5,0.0,0.6000000000000001,7.85,75.0
2012-05-07,58.0,0.0,0.53,5.25,93.05555555555556
2012-05-08,61.0,0.0,0.005,8.9,55.55555555555556
2012-05-09,53.5,0.0,0.0305,7.699999999999999,70.83333333333334
2012-05-10,56.0,0.0,0.0,6.7,37.5
2012-05-11,62.0,0.0,0.0,9.65,36.111111111111114
2012-05-12,60.0,0.0,0.14,9.05,54.16666666666667
2012-05-13,61.0,0.0,0.0,8.45,19.444444444444443
2012-05-14,62.5,0.0,0.0,4.85,26.388888888888886
2012-05-15,71.0,0.0,0.025500000000000002,12.2,26.388888888888886
2012-05-16,58.0,0.0,0.0,11.55,30.555555555555557
2012-05-17,60.0,0.0,0.0,5.949999999999999,43.05555555555556
2012-05-18,70.0,0.0,0.0,8.8,15.277777777777786
2012-05-19,77.0,0.0,0.0,8.85,31.944444444444443
2012-05-20,79.0,0.0,0.14,11.25,38.88888888888889
2012-05-21,60.5,0.0,0.0,13.1,54.16666666666667
2012-05-22,60.0,0.0,0.0,7.550000000000001,48.611111111111114
2012-05-23,65.5,0.0,0.0,6.75,33.33333333333334
2012-05-24,78.0,0.0,0.0,16.45,29.16666666666667
2012-05-25,74.0,0.0,0.0,10.4,30.555555555555557
2012-05-26,73.0,0.0,0.0005,11.25,47.22222222222222
2012-05-27,84.5,0.0,0.0,10.399999999999999,27.777777777777786
2012-05-28,85.0,0.0,0.0105,14.45,30.555555555555557
2012-05-29,74.0,0.0,0.0005,11.85,20.833333333333343
2012-05-30,61.5,0.0,0.0,10.0,56.94444444444444
2012-05-31,51.5,0.0,1.045,12.0,81.94444444444444
2012-06-01,57.0,0.0,0.02,10.350000000000001,62.5
2012-06-02,62.5,0.0,0.0,11.5,55.55555555555556
2012-06-03,68.5,0.0,0.001,9.6,43.05555555555556
2012-06-04,67.0,0.0,0.0005,8.649999999999999,44.44444444444444
2012-06-05,63.5,0.0,0.0,9.649999999999999,59.72222222222222
2012-06-06,64.5,0.0,0.0,6.25,50.0
2012-06-07,67.0,0.0,0.0,5.25,37.5
2012-06-08,72.0,0.0,0.0,7.45,34.72222222222223
2012-06-09,78.0,0.0,0.0,10.25,22.22222222222223
2012-06-10,81.0,0.0,0.0,11.55,29.16666666666667
2012-06-11,80.5,0.0,0.0005,11.1,50.0
2012-06-12,69.5,0.0,0.0,10.7,36.111111111111114
2012-06-13,63.5,0.0,0.0,7.95,48.611111111111114
2012-06-14,72.5,0.0,0.0,8.7,31.944444444444443
2012-06-15,78.5,0.0,0.0,9.149999999999999,16.66666666666667
2012-06-16,82.0,0.0,0.345,12.0,38.88888888888889
2012-06-17,77.5,0.0,0.13,7.449999999999999,48.611111111111114
2012-06-18,82.0,0.0,0.0,17.25,52.77777777777778
2012-06-19,86.0,0.0,0.0,14.7,41.66666666666667
2012-06-20,85.5,0.0,0.0,15.2,34.72222222222223
2012-06-21,77.5,0.0,0.02,9.600000000000001,50.0
2012-06-22,74.5,0.0,0.0,6.0,37.5
2012-06-23,75.0,0.0,0.0,5.25,44.44444444444444
2012-06-24,80.5,0.0,0.0,7.6,36.111111111111114
2012-06-25,68.5,0.0,0.0,14.85,44.44444444444444
2012-06-26,71.0,0.0,0.0,5.800000000000001,43.05555555555556
2012-06-27,76.0,0.0,0.0,12.0,30.555555555555557
2012-06-28,88.5,0.0,0.1,9.8,44.44444444444444
2012-06-29,79.0,0.0,0.35,7.6000000000000005,51.38888888888889
2012-06-30,80.5,0.0,0.0005,7.0,63.88888888888889
2012-07-01,79.0,0.0,0.2805,5.5,68.05555555555556
2012-07-02,85.5,0.0,0.0,5.75,54.16666666666667
2012-07-03,86.5,0.0,0.0,10.0,45.833333333333336
2012-07-04,91.0,0.0,0.0,9.25,36.111111111111114
2012-07-05,91.0,0.0,0.1405,7.25,37.5
2012-07-06,93.5,0.0,0.0,7.1,37.5
2012-07-07,86.0,0.0,0.0,11.350000000000001,48.611111111111114
2012-07-08,78.5,0.0,0.0,12.3,37.5
2012-07-09,78.5,0.0,0.0,6.85,43.05555555555556
2012-07-10,76.0,0.0,0.0,10.6,43.05555555555556
2012-07-11,77.0,0.0,0.0,8.45,44.44444444444444
2012-07-12,80.0,0.0,0.0,8.7,26.388888888888886
2012-07-13,82.5,0.0,0.1405,6.4,45.833333333333336
2012-07-14,80.0,0.0,0.001,5.65,59.72222222222222
2012-07-15,83.0,0.0,0.0,7.1,52.77777777777778
2012-07-16,86.5,0.0,0.0,8.399999999999999,41.66666666666667
2012-07-17,89.5,0.0,0.0,9.600000000000001,36.111111111111114
2012-07-18,82.0,0.0,0.7,8.75,69.44444444444444
2012-07-19,77.5,0.0,0.845,10.25,79.16666666666667
2012-07-20,75.5,0.0,0.0005,10.6,56.94444444444444
2012-07-21,77.5,0.0,0.0,4.6,59.72222222222222
2012-07-22,81.0,0.0,0.0055,6.45,56.94444444444444
2012-07-23,89.5,0.0,0.0055,10.65,38.88888888888889
2012-07-24,78.5,0.0,0.455,7.6,63.88888888888889
2012-07-25,86.5,0.0,0.005,12.1,45.833333333333336
2012-07-26,80.0,0.0,0.39,8.95,69.44444444444444
2012-07-27,77.5,0.0,0.02,8.75,62.5
2012-07-28,76.0,0.0,0.0,8.350000000000001,55.55555555555556
2012-07-29,76.0,0.0,0.0005,5.8,51.38888888888889
2012-07-30,82.5,0.0,0.0,7.2,41.66666666666667
2012-07-31,78.0,0.0,0.165,7.5,63.88888888888889
2012-08-01,79.5,0.0,0.0,4.2,55.55555555555556
2012-08-02,81.0,0.0,0.0,6.65,47.22222222222222
2012-08-03,83.5,0.0,0.0,6.1,51.38888888888889
2012-08-04,83.0,0.0,0.6950000000000001,6.45,59.72222222222222
2012-08-05,76.5,0.0,0.0,8.7,51.38888888888889
2012-08-06,75.5,0.0,0.0,4.449999999999999,45.833333333333336
2012-08-07,79.0,0.0,0.0,7.800000000000001,45.833333333333336
2012-08-08,79.0,0.0,0.0055,8.6,52.77777777777778
2012-08-09,70.5,0.0,0.025500000000000002,9.399999999999999,77.77777777777777
2012-08-10,69.0,0.0,0.29000000000000004,14.3,61.111111111111114
2012-08-11,68.0,0.0,0.0,8.25,56.94444444444444
2012-08-12,67.5,0.0,0.0005,4.25,61.111111111111114
2012-08-13,66.5,0.0,0.37,2.75,84.72222222222223
2012-08-14,70.5,0.0,0.0055,4.55,70.83333333333334
2012-08-15,76.0,0.0,0.001,6.3,54.16666666666667
2012-08-16,69.5,0.0,0.35,10.1,76.38888888888889
2012-08-17,67.5,0.0,0.0,6.9,55.55555555555556
2012-08-18,66.5,0.0,0.0,4.75,51.38888888888889
2012-08-19,70.0,0.0,0.0,3.9000000000000004,43.05555555555556
2012-08-20,67.0,0.0,0.305,5.1,66.66666666666667
2012-08-21,67.5,0.0,0.0,4.6,52.77777777777778
2012-08-22,70.0,0.0,0.0,5.8,48.611111111111114
2012-08-23,79.0,0.0,0.015,7.699999999999999,33.33333333333334
2012-08-24,80.5,0.0,0.0,8.350000000000001,33.33333333333334
2012-08-25,81.5,0.0,0.0,8.05,30.555555555555557
2012-08-26,74.0,0.0,2.115,7.3,77.77777777777777
2012-08-27,78.0,0.0,0.0,6.0,54.16666666666667
2012-08-28,75.0,0.0,0.0,5.45,59.72222222222222
2012-08-29,76.0,0.0,0.0,5.55,51.38888888888889
2012-08-30,78.5,0.0,0.0,10.0,43.05555555555556
2012-08-31,82.5,0.0,0.0,10.25,48.611111111111114
2012-09-01,74.5,0.0,0.1255,11.15,79.16666666666667
2012-09-02,78.0,0.0,0.0005,11.399999999999999,75.0
2012-09-03,80.0,0.0,0.0,5.15,70.83333333333334
2012-09-04,78.5,0.0,0.485,7.55,72.22222222222223
2012-09-05,75.5,0.0,0.165,6.75,68.05555555555556
2012-09-06,77.5,0.0,0.0,6.1,54.16666666666667
2012-09-07,69.5,0.0,0.13,9.2,72.22222222222223
2012-09-08,64.5,0.0,0.255,11.1,58.333333333333336
2012-09-09,64.0,0.0,0.0,9.45,63.88888888888889
2012-09-10,65.0,0.0,0.0,5.7,54.16666666666667
2012-09-11,70.0,0.0,0.0,10.9,50.0
2012-09-12,75.0,0.0,0.0,9.95,44.44444444444444
2012-09-13,63.5,0.0,0.16,9.95,73.61111111111111
2012-09-14,64.5,0.0,0.0005,6.75,47.22222222222222
2012-09-15,66.0,0.0,0.0,3.75,41.66666666666667
2012-09-16,65.0,0.0,0.0,5.25,48.611111111111114
2012-09-17,68.0,0.0,0.21500000000000002,9.0,65.27777777777777
2012-09-18,56.0,0.0,0.0005,11.899999999999999,50.0
2012-09-19,59.0,0.0,0.0,15.15,45.833333333333336
2012-09-20,63.0,0.0,0.0,8.95,31.944444444444443
2012-09-21,55.5,0.0,0.14,6.6,72.22222222222223
2012-09-22,53.0,0.0,0.015,11.0,63.88888888888889
2012-09-23,52.0,0.0,0.0,6.4,52.77777777777778
2012-09-24,55.5,0.0,0.0,11.35,38.88888888888889
2012-09-25,64.5,0.0,0.0,8.5,63.88888888888889
2012-09-26,62.0,0.0,0.0,9.95,66.66666666666667
2012-09-27,57.5,0.0,0.0,8.4,68.05555555555556
2012-09-28,59.5,0.0,0.0005,8.600000000000001,68.05555555555556
2012-09-29,64.0,0.0,0.0,5.7,50.0
2012-09-30,59.0,0.0,0.0,8.5,63.88888888888889
2012-10-01,57.5,0.0,0.0,4.85,66.66666666666667
2012-10-02,62.5,0.0,0.0,10.8,63.88888888888889
2012-10-03,63.0,0.0,0.14500000000000002,5.9,86.11111111111111
2012-10-04,64.5,0.0,0.11,12.45,63.88888888888889
2012-10-05,46.0,0.0,0.0005,9.75,58.333333333333336
2012-10-06,42.5,0.0,0.0,9.2,58.333333333333336
2012-10-07,44.5,0.0,0.0,7.25,43.05555555555556
2012-10-08,47.0,0.0,0.0,12.4,47.22222222222222
2012-10-09,54.5,0.0,0.175,15.5,51.38888888888889
2012-10-10,44.0,0.0,0.0,11.95,62.5
2012-10-11,52.0,0.0,0.0105,13.85,50.0
2012-10-12,46.0,0.0,0.001,10.149999999999999,58.333333333333336
2012-10-13,57.0,0.0,0.345,11.899999999999999,83.33333333333334
2012-10-14,60.5,0.0,0.655,15.45,83.33333333333334
2012-10-15,52.0,0.0,0.0,8.75,68.05555555555556
2012-10-16,56.0,0.0,0.0,13.5,66.66666666666667
2012-10-17,61.5,0.0,0.47,16.35,72.22222222222223
2012-10-18,50.0,0.0,0.1,14.8,73.61111111111111
2012-10-19,48.5,0.0,0.08499999999999999,6.8,83.33333333333334
2012-10-20,49.5,0.0,0.0,7.1,73.61111111111111
2012-10-21,54.5,0.0,0.0,6.0,72.22222222222223
2012-10-22,59.5,0.0,0.545,6.65,88.88888888888889
2012-10-23,64.0,0.0,0.045,6.35,87.5
2012-10-24,69.0,0.0,0.0,10.899999999999999,77.77777777777777
2012-10-25,60.5,0.0,0.29000000000000004,16.950000000000003,86.11111111111111
2012-10-26,44.5,0.0,0.0,9.899999999999999,59.72222222222222
2012-10-27,41.5,0.0,0.0,10.8,61.111111111111114
2012-10-28,44.5,0.0,0.0005,14.25,61.111111111111114
2012-10-29,44.5,0.0,0.0,15.65,59.72222222222222
2012-10-30,44.0,0.0,0.0,19.0,50.0
2012-10-31,42.0,0.0,0.0,13.100000000000001,55.55555555555556
2013-05-01,72.0,0.0,0.0,8.85,47.22222222222222
2013-05-02,49.0,0.0,0.055,15.75,75.0
2013-05-03,44.5,0.0,0.035,11.35,91.66666666666667
2013-05-04,60.5,0.0,0.0105,7.3,55.55555555555556
2013-05-05,59.5,0.0,0.0005,8.95,51.38888888888889
2013-05-06,61.0,0.0,0.0005,7.75,36.111111111111114
2013-05-07,62.5,0.0,0.0,6.05,37.5
2013-05-08,63.0,0.0,0.0,4.75,43.05555555555556
2013-05-09,62.0,0.0,0.475,5.65,65.27777777777777
2013-05-10,46.5,0.0,0.085,10.4,87.5
2013-05-11,52.5,0.0,0.0,11.899999999999999,55.55555555555556
2013-05-12,46.5,0.0,0.0,10.399999999999999,50.0
2013-05-13,50.0,0.0,0.0,6.1,48.611111111111114
2013-05-14,72.5,0.0,0.0,11.6,31.944444444444443
2013-05-15,72.5,0.0,0.0005,8.95,31.944444444444443
2013-05-16,68.5,0.0,0.0,5.15,34.72222222222223
2013-05-17,64.5,0.0,0.001,6.449999999999999,50.0
2013-05-18,68.5,0.0,0.0,6.75,63.88888888888889
2013-05-19,73.5,0.0,0.0,7.85,63.88888888888889
2013-05-20,78.0,0.0,1.17,14.05,48.611111111111114
2013-05-21,73.5,0.0,0.38,12.45,69.44444444444444
2013-05-22,64.0,0.0,1.0,8.350000000000001,87.5
2013-05-23,49.0,0.0,0.09,16.450000000000003,79.16666666666667
2013-05-24,49.5,0.0,0.0,8.55,55.55555555555556
2013-05-25,51.5,0.0,0.0,4.4,58.333333333333336
2013-05-26,56.5,0.0,0.0105,6.550000000000001,63.88888888888889
2013-05-27,59.5,0.0,0.21000000000000002,8.7,83.33333333333334
2013-05-28,67.0,0.0,1.2000000000000002,10.25,90.27777777777777
2013-05-29,74.5,0.0,0.015,8.95,68.05555555555556
2013-05-30,74.5,0.0,0.3,14.25,73.61111111111111
2013-05-31,71.5,0.0,0.265,12.399999999999999,80.55555555555556
2013-06-01,70.0,0.0,0.5,12.45,76.38888888888889
2013-06-02,54.0,0.0,0.01,6.95,86.11111111111111
2013-06-03,56.0,0.0,0.0,4.4,59.72222222222222
2013-06-04,61.0,0.0,0.0,6.5,54.16666666666667
2013-06-05,65.0,0.0,0.0055,8.25,51.38888888888889
2013-06-06,59.0,0.0,0.105,9.35,72.22222222222223
2013-06-07,60.5,0.0,0.0005,9.55,55.55555555555556
2013-06-08,62.0,0.0,0.0,5.5,45.833333333333336
2013-06-09,69.5,0.0,0.01,8.65,56.94444444444444
2013-06-10,68.0,0.0,0.5549999999999999,4.35,83.33333333333334
2013-06-11,72.0,0.0,0.1205,4.3,70.83333333333334
2013-06-12,75.5,0.0,0.5,6.9,68.05555555555556
2013-06-13,66.0,0.0,0.0,12.7,65.27777777777777
2013-06-14,67.0,0.0,0.0,7.85,54.16666666666667
2013-06-15,70.0,0.0,0.14500000000000002,7.45,75.0
2013-06-16,77.0,0.0,0.0,9.35,58.333333333333336
2013-06-17,74.5,0.0,0.065,8.25,47.22222222222222
2013-06-18,64.0,0.0,0.005,12.0,66.66666666666667
2013-06-19,65.0,0.0,0.0,7.050000000000001,47.22222222222222
2013-06-20,72.5,0.0,0.0,6.550000000000001,58.333333333333336
2013-06-21,76.5,0.001,0.45,9.55,65.27777777777777
2013-06-22,75.5,0.0,0.02,8.1,73.61111111111111
2013-06-23,78.0,0.0,0.4205,10.5,69.44444444444444
2013-06-24,77.5,0.0,0.16,10.5,68.05555555555556
2013-06-25,77.5,0.0,0.0155,7.75,73.61111111111111
2013-06-26,74.0,0.0,0.835,8.2,77.77777777777777
2013-06-27,78.0,0.001,0.755,7.0,66.66666666666667
2013-06-28,75.5,0.0,0.0805,10.350000000000001,58.333333333333336
2013-06-29,68.0,0.0,0.0005,12.15,75.0
2013-06-30,70.0,0.0,0.0,14.05,50.0
2013-07-01,67.5,0.0,0.0,12.95,52.77777777777778
2013-07-02,64.5,0.0,0.001,11.75,66.66666666666667
2013-07-03,67.0,0.0,0.045000000000000005,4.75,80.55555555555556
2013-07-04,71.0,0.0,0.0,6.4,69.44444444444444
2013-07-05,74.0,0.0,0.0,5.35,62.5
2013-07-06,75.5,0.0,0.0,5.2,68.05555555555556
2013-07-07,79.5,0.0,0.0,7.5,63.88888888888889
2013-07-08,78.5,0.0,0.6699999999999999,9.45,77.77777777777777
2013-07-09,79.5,0.0,0.0055,8.3,81.94444444444444
2013-07-10,76.5,0.0,0.0,8.15,68.05555555555556
2013-07-11,72.5,0.0,0.0,7.45,45.833333333333336
2013-07-12,71.0,0.0,0.0,5.1,51.38888888888889
2013-07-13,74.0,0.0,0.0,7.3,56.94444444444444
2013-07-14,80.5,0.0,0.0,8.05,59.72222222222222
2013-07-15,81.5,0.0,0.055,5.65,70.83333333333334
2013-07-16,84.0,0.0,0.005,7.05,63.88888888888889
2013-07-17,85.5,0.0,0.0,7.0,59.72222222222222
2013-07-18,87.0,0.0,0.0005,8.75,56.94444444444444
2013-07-19,85.0,0.0,0.2905,13.95,56.94444444444444
2013-07-20,80.0,0.0,0.034999999999999996,7.35,54.16666666666667
2013-07-21,79.5,0.0,0.005,7.300000000000001,56.94444444444444
2013-07-22,80.0,0.0,0.001,7.4,58.333333333333336
2013-07-23,72.0,0.0,0.015,11.2,63.88888888888889
2013-07-24,67.0,0.0,0.0,9.3,51.38888888888889
2013-07-25,69.5,0.0,0.0,4.5,54.16666666666667
2013-07-26,68.0,0.0,0.2,9.35,76.38888888888889
2013-07-27,61.5,0.0,0.0,10.95,68.05555555555556
2013-07-28,62.5,0.0,0.001,9.45,61.111111111111114
2013-07-29,67.0,0.0,0.0,7.35,63.88888888888889
2013-07-30,67.0,0.0,0.0205,5.35,73.61111111111111
2013-07-31,69.5,0.0,0.33999999999999997,4.300000000000001,83.33333333333334
2013-08-01,71.5,0.0,0.0,7.449999999999999,55.55555555555556
2013-08-02,74.5,0.0,0.52,7.949999999999999,66.66666666666667
2013-08-03,73.0,0.0,0.0,7.6,48.611111111111114
2013-08-04,67.5,0.0,0.001,7.35,66.66666666666667
2013-08-05,68.5,0.0,0.045000000000000005,7.75,69.44444444444444
2013-08-06,76.0,0.0,0.02,8.7,73.61111111111111
2013-08-07,79.5,0.0,0.0055,10.2,66.66666666666667
2013-08-08,73.0,0.0,0.0,10.05,51.38888888888889
2013-08-09,72.0,0.0,0.0005,5.449999999999999,63.88888888888889
2013-08-10,74.0,0.0,0.0,6.95,50.0
2013-08-11,72.5,0.0,0.0055,4.2,62.5
2013-08-12,76.0,0.0,0.465,7.6,66.66666666666667
2013-08-13,65.5,0.0,0.0,10.75,59.72222222222222
2013-08-14,64.5,0.0,0.0,7.05,58.333333333333336
2013-08-15,65.5,0.0,0.0,4.95,61.111111111111114
2013-08-16,69.5,0.0,0.0,5.5,50.0
2013-08-17,69.5,0.0,0.0,6.35,61.111111111111114
2013-08-18,71.0,0.0,0.0,4.8,61.111111111111114
2013-08-19,73.0,0.0,0.0,4.949999999999999,61.111111111111114
2013-08-20,77.5,0.0,0.0,7.75,55.55555555555556
2013-08-21,80.0,0.0,0.030000000000000002,9.15,56.94444444444444
2013-08-22,73.0,0.0,0.295,7.0,81.94444444444444
2013-08-23,72.5,0.0,0.0,7.4,51.38888888888889
2013-08-24,74.0,0.0,0.0,6.0,54.16666666666667
2013-08-25,78.0,0.0,0.0,9.85,52.77777777777778
2013-08-26,81.0,0.0,0.0,9.45,61.111111111111114
2013-08-27,87.0,0.0,0.0,12.35,50.0
2013-08-28,77.0,0.0,0.0,9.0,75.0
2013-08-29,78.0,0.0,0.0,4.65,62.5
2013-08-30,82.5,0.0,0.415,8.05,58.333333333333336
2013-08-31,74.5,0.0,0.515,7.1,77.77777777777777
2013-09-01,75.5,0.0,0.08,5.5,75.0
2013-09-02,70.0,0.0,0.0,8.95,73.61111111111111
2013-09-03,67.0,0.0,0.0,5.199999999999999,63.88888888888889
2013-09-04,72.0,0.0,0.0,6.9,55.55555555555556
2013-09-05,68.5,0.0,0.0005,9.55,58.333333333333336
2013-09-06,73.0,0.0,0.0,6.0,54.16666666666667
2013-09-07,77.5,0.0,0.005,7.300000000000001,55.55555555555556
2013-09-08,74.5,0.0,0.0,11.95,75.0
2013-09-09,81.5,0.0,0.0,9.649999999999999,65.27777777777777
2013-09-10,86.5,0.0,0.0,12.5,36.111111111111114
2013-09-11,83.5,0.0,0.001,7.2,51.38888888888889
2013-09-12,72.5,0.0,0.0305,9.600000000000001,61.111111111111114
2013-09-13,60.5,0.0,0.0005,12.5,56.94444444444444
2013-09-14,61.0,0.0,0.0,6.1,47.22222222222222
2013-09-15,59.5,0.0,0.445,5.25,77.77777777777777
2013-09-16,59.0,0.0,0.0005,11.8,66.66666666666667
2013-09-17,61.0,0.0,0.0005,7.8999999999999995,69.44444444444444
2013-09-18,71.5,0.0,0.53,9.05,65.27777777777777
2013-09-19,77.0,0.0,0.4205,10.3,72.22222222222223
2013-09-20,67.5,0.0,0.0105,11.1,77.77777777777777
2013-09-21,59.5,0.0,0.0,9.75,65.27777777777777
2013-09-22,58.0,0.0,0.0,7.15,66.66666666666667
2013-09-23,58.0,0.0,0.0,6.85,68.05555555555556
2013-09-24,60.0,0.0,0.0,7.85,68.05555555555556
2013-09-25,62.5,0.0,0.0,6.15,69.44444444444444
2013-09-26,64.0,0.0,0.0,4.4,66.66666666666667
2013-09-27,68.0,0.0,0.0,7.35,48.611111111111114
2013-09-28,71.0,0.0,0.11,12.0,55.55555555555556
2013-09-29,60.0,0.0,0.2,7.699999999999999,68.05555555555556
2013-09-30,62.0,0.0,0.0,5.550000000000001,61.111111111111114
2013-10-01,71.0,0.0,0.0,11.85,73.61111111111111
2013-10-02,70.0,0.0,0.0,6.85,44.44444444444444
2013-10-03,70.0,0.0,0.46,7.800000000000001,86.11111111111111
2013-10-04,70.5,0.0,0.0005,6.1,83.33333333333334
2013-10-05,72.0,0.0,0.75,7.25,83.33333333333334
2013-10-06,55.0,0.0,0.075,10.05,69.44444444444444
2013-10-07,56.5,0.0,0.0005,9.05,66.66666666666667
2013-10-08,61.0,0.0,0.0,5.3,61.111111111111114
2013-10-09,60.5,0.0,0.0,4.75,62.5
2013-10-10,61.5,0.0,0.0,3.8499999999999996,66.66666666666667
2013-10-11,65.5,0.0,0.0,7.300000000000001,55.55555555555556
2013-10-12,61.5,0.0,0.065,8.0,76.38888888888889
2013-10-13,55.0,0.0,0.0,5.8,59.72222222222222
2013-10-14,53.0,0.0,0.0,8.4,73.61111111111111
2013-10-15,57.5,0.0,0.08,10.149999999999999,80.55555555555556
2013-10-16,51.0,0.0,0.001,10.75,80.55555555555556
2013-10-17,48.0,0.0,0.22999999999999998,7.4,87.5
2013-10-18,45.5,0.0,0.0,8.649999999999999,83.33333333333334
2013-10-19,48.5,0.0,0.01,9.8,66.66666666666667
2013-10-20,51.0,0.0,0.015,7.25,73.61111111111111
2013-10-21,45.0,0.0,0.0155,11.15,62.5
2013-10-22,36.0,0.001,0.0155,5.75,86.11111111111111
2013-10-23,39.0,0.0,0.001,9.6,66.66666666666667
2013-10-24,38.5,0.001,0.0005,10.4,62.5
2013-10-25,40.0,0.0,0.0,11.5,61.111111111111114
2013-10-26,46.5,0.0,0.0,13.8,51.38888888888889
2013-10-27,43.0,0.0,0.0,6.65,61.111111111111114
2013-10-28,44.5,0.0,0.0,9.850000000000001,80.55555555555556
2013-10-29,50.0,0.0,0.001,7.05,70.83333333333334
2013-10-30,54.5,0.0,0.855,6.85,93.05555555555556
2013-10-31,55.5,0.0,1.535,11.45,101.38888888888889
2014-05-01,46.5,0.0,0.09,13.7,81.94444444444444
2014-05-02,50.0,0.0,0.0205,11.7,75.0
2014-05-03,58.0,0.0,0.0,14.399999999999999,44.44444444444444
2014-05-04,52.5,0.0,0.0,10.55,37.5
2014-05-05,50.5,0.0,0.030000000000000002,13.45,56.94444444444444
2014-05-06,53.0,0.0,0.0,13.7,52.77777777777778
2014-05-07,64.5,0.0,0.001,9.100000000000001,44.44444444444444
2014-05-08,75.5,0.0,0.05,14.25,47.22222222222222
2014-05-09,65.5,0.0,1.23,15.65,68.05555555555556
2014-05-10,63.5,0.0,0.0,6.85,43.05555555555556
2014-05-11,70.5,0.0,0.265,9.5,54.16666666666667
2014-05-12,75.0,0.0,1.0599999999999998,12.25,73.61111111111111
2014-05-13,61.0,0.0,0.13,11.55,80.55555555555556
2014-05-14,50.5,0.0,0.04,12.25,70.83333333333334
2014-05-15,49.0,0.0,0.225,13.6,65.27777777777777
2014-05-16,42.5,0.0,0.09,8.55,80.55555555555556
2014-05-17,50.5,0.0,0.0,8.35,52.77777777777778
2014-05-18,58.5,0.0,0.0,9.85,41.66666666666667
2014-05-19,59.5,0.0,0.001,12.65,45.833333333333336
2014-05-20,74.5,0.0,0.73,11.5,56.94444444444444
2014-05-21,77.0,0.0,0.01,7.7,43.05555555555556
2014-05-22,62.0,0.0,0.0,7.15,62.5
2014-05-23,59.5,0.0,0.0,6.25,58.333333333333336
2014-05-24,61.5,0.0,0.0,4.9,50.0
2014-05-25,68.5,0.0,0.0,4.75,41.66666666666667
2014-05-26,76.5,0.0,0.04,7.6,55.55555555555556
2014-05-27,72.5,0.0,0.355,9.85,73.61111111111111
2014-05-28,65.0,0.0,0.35500000000000004,9.2,62.5
2014-05-29,66.0,0.0,0.0,9.35,63.88888888888889
2014-05-30,67.0,0.0,0.0,7.5,55.55555555555556
2014-05-31,73.0,0.0,0.0,7.7,40.27777777777778
2014-06-01,79.0,0.0,0.001,12.55,45.833333333333336
2014-06-02,76.5,0.0,0.17,14.8,63.88888888888889
2014-06-03,75.0,0.0,0.0,10.15,34.72222222222223
2014-06-04,64.0,0.0,0.155,10.100000000000001,73.61111111111111
2014-06-05,65.0,0.0,0.0,6.9,38.88888888888889
2014-06-06,66.5,0.0,0.0,5.25,29.16666666666667
2014-06-07,72.5,0.0,0.1,7.4,38.88888888888889
2014-06-08,63.0,0.0,0.22,14.899999999999999,52.77777777777778
2014-06-09,67.5,0.0,0.0,8.25,51.38888888888889
2014-06-10,63.0,0.0,0.855,9.7,73.61111111111111
2014-06-11,64.0,0.0,0.275,6.6,81.94444444444444
2014-06-12,71.0,0.0,0.0055,9.9,62.5
2014-06-13,65.5,0.0,0.0,8.65,37.5
2014-06-14,67.5,0.0,0.0,8.45,31.944444444444443
2014-06-15,73.5,0.0,0.0005,15.1,52.77777777777778
2014-06-16,79.0,0.0,0.0,8.75,54.16666666666667
2014-06-17,85.0,0.0,0.0005,13.25,47.22222222222222
2014-06-18,73.0,0.0,0.7250000000000001,10.399999999999999,77.77777777777777
2014-06-19,70.0,0.0,0.355,7.8999999999999995,81.94444444444444
2014-06-20,75.0,0.0,0.02,8.65,72.22222222222223
2014-06-21,73.0,0.0,1.005,6.9,73.61111111111111
2014-06-22,73.5,0.0,0.0,5.35,69.44444444444444
2014-06-23,75.5,0.0,0.10500000000000001,5.5,76.38888888888889
2014-06-24,78.5,0.0,0.7799999999999999,5.2,69.44444444444444
2014-06-25,70.5,0.0,0.0105,6.75,72.22222222222223
2014-06-26,69.0,0.0,0.0,6.949999999999999,70.83333333333334
2014-06-27,75.5,0.0,0.0005,9.4,66.66666666666667
2014-06-28,80.5,0.0,0.08,11.899999999999999,66.66666666666667
2014-06-29,78.5,0.0,0.05500000000000001,13.05,72.22222222222223
2014-06-30,77.5,0.0,2.33,12.649999999999999,76.38888888888889
2014-07-01,75.0,0.0,0.0205,13.5,63.88888888888889
2014-07-02,64.5,0.0,0.12,9.649999999999999,72.22222222222223
2014-07-03,66.0,0.0,0.060000000000000005,6.9,54.16666666666667
2014-07-04,69.5,0.0,0.0,7.15,43.05555555555556
2014-07-05,70.0,0.0,0.0055,8.95,56.94444444444444
2014-07-06,76.5,0.0,0.0,12.600000000000001,66.66666666666667
2014-07-07,80.5,0.0,0.5549999999999999,9.45,55.55555555555556
2014-07-08,75.5,0.0,0.51,12.5,58.333333333333336
2014-07-09,72.0,0.0,0.0,7.25,55.55555555555556
2014-07-10,70.5,0.0,0.0,4.9,55.55555555555556
2014-07-11,72.0,0.0,0.0055,5.95,50.0
2014-07-12,75.5,0.0,1.8900000000000001,10.55,77.77777777777777
2014-07-13,78.0,0.0,0.025,9.85,58.333333333333336
2014-07-14,72.0,0.0,0.28500000000000003,7.75,54.16666666666667
2014-07-15,63.5,0.0,0.05,10.45,66.66666666666667
2014-07-16,64.5,0.0,0.0,7.25,55.55555555555556
2014-07-17,67.0,0.0,0.0,5.3,56.94444444444444
2014-07-18,71.0,0.0,0.0,6.550000000000001,52.77777777777778
2014-07-19,70.0,0.0,0.0,4.449999999999999,55.55555555555556
2014-07-20,73.0,0.0,0.0,4.45,56.94444444444444
2014-07-21,76.5,0.0,0.0,7.6,59.72222222222222
2014-07-22,81.0,0.0,0.1,12.4,65.27777777777777
2014-07-23,68.5,0.0,0.0,16.4,58.333333333333336
2014-07-24,67.0,0.0,0.0,8.5,51.38888888888889
2014-07-25,67.0,0.0,0.001,9.149999999999999,68.05555555555556
2014-07-26,77.0,0.0,0.0,6.8,66.66666666666667
2014-07-27,77.0,0.0,0.03,14.6,54.16666666666667
2014-07-28,67.0,0.0,0.0,11.649999999999999,50.0
2014-07-29,70.5,0.0,0.005,8.8,54.16666666666667
2014-07-30,70.0,0.0,0.0,6.2,61.111111111111114
2014-07-31,73.0,0.0,0.0,8.45,55.55555555555556
2014-08-01,74.5,0.0,0.18,7.1,54.16666666666667
2014-08-02,73.5,0.0,0.0,4.4,47.22222222222222
2014-08-03,76.0,0.0,0.0,6.7,55.55555555555556
2014-08-04,77.5,0.0,2.29,8.2,56.94444444444444
2014-08-05,73.0,0.0,0.035500000000000004,5.75,75.0
2014-08-06,72.0,0.0,0.0,6.3,54.16666666666667
2014-08-07,73.0,0.0,0.0,9.15,59.72222222222222
2014-08-08,75.0,0.0,0.0,10.899999999999999,54.16666666666667
2014-08-09,73.5,0.0,0.0,9.8,56.94444444444444
2014-08-10,76.0,0.0,0.0,8.5,56.94444444444444
2014-08-11,75.5,0.0,1.005,7.449999999999999,70.83333333333334
2014-08-12,66.5,0.0,0.115,11.6,73.61111111111111
2014-08-13,70.5,0.0,0.0,8.65,62.5
2014-08-14,66.0,0.0,0.0,8.3,52.77777777777778
2014-08-15,66.0,0.0,0.0,6.1,56.94444444444444
2014-08-16,72.5,0.0,0.0,8.3,72.22222222222223
2014-08-17,68.5,0.0,0.0005,8.55,83.33333333333334
2014-08-18,75.0,0.0,0.0,5.300000000000001,69.44444444444444
2014-08-19,79.0,0.0,0.11,11.1,65.27777777777777
2014-08-20,77.0,0.0,0.0,8.0,66.66666666666667
2014-08-21,76.0,0.0,1.135,5.65,83.33333333333334
2014-08-22,80.0,0.0,2.375,6.199999999999999,76.38888888888889
2014-08-23,78.0,0.0,0.42000000000000004,4.45,79.16666666666667
2014-08-24,80.0,0.0,0.0,7.35,75.0
2014-08-25,81.5,0.0,0.395,6.9,68.05555555555556
2014-08-26,78.0,0.0,0.0605,5.949999999999999,68.05555555555556
2014-08-27,75.5,0.0,0.0,7.0,61.111111111111114
2014-08-28,72.5,0.0,0.0105,8.55,62.5
2014-08-29,80.0,0.0,0.04,10.8,66.66666666666667
2014-08-30,78.5,0.0,0.1355,12.05,68.05555555555556
2014-08-31,78.0,0.0,0.0,7.15,69.44444444444444
2014-09-01,78.5,0.0,0.1805,12.35,68.05555555555556
2014-09-02,76.0,0.0,0.005,6.300000000000001,58.333333333333336
2014-09-03,74.0,0.0,0.0,6.800000000000001,63.88888888888889
2014-09-04,79.0,0.0,0.24,12.649999999999999,68.05555555555556
2014-09-05,77.0,0.0,0.46499999999999997,11.55,72.22222222222223
2014-09-06,68.5,0.0,0.0,8.25,55.55555555555556
2014-09-07,68.0,0.0,0.0,4.449999999999999,52.77777777777778
2014-09-08,68.0,0.0,0.0,6.050000000000001,58.333333333333336
2014-09-09,72.5,0.0,0.01,8.05,66.66666666666667
2014-09-10,69.0,0.0,1.46,15.950000000000001,81.94444444444444
2014-09-11,54.0,0.0,0.0,10.45,70.83333333333334
2014-09-12,51.0,0.0,0.115,12.15,84.72222222222223
2014-09-13,50.5,0.0,0.005,7.300000000000001,73.61111111111111
2014-09-14,55.5,0.0,0.0,4.75,66.66666666666667
2014-09-15,57.5,0.0,0.001,5.65,76.38888888888889
2014-09-16,57.0,0.0,0.0,4.550000000000001,65.27777777777777
2014-09-17,60.0,0.0,0.0,3.4,62.5
2014-09-18,62.5,0.0,0.0,6.1,73.61111111111111
2014-09-19,66.5,0.0,0.0,11.0,50.0
2014-09-20,71.0,0.0,0.12,11.1,73.61111111111111
2014-09-21,60.5,0.0,0.001,12.8,72.22222222222223
2014-09-22,58.0,0.0,0.0,5.85,61.111111111111114
2014-09-23,63.0,0.0,0.0,5.25,55.55555555555556
2014-09-24,66.0,0.0,0.0,5.5,54.16666666666667
2014-09-25,66.5,0.0,0.0,2.8,62.5
2014-09-26,67.5,0.0,0.0,4.85,62.5
2014-09-27,68.5,0.0,0.0,4.25,63.88888888888889
2014-09-28,67.5,0.0,0.0,3.25,68.05555555555556
2014-09-29,69.5,0.0,0.0055,9.0,61.111111111111114
2014-09-30,54.5,0.0,0.001,10.2,81.94444444444444
2014-10-01,61.5,0.0,0.0005,9.5,69.44444444444444
2014-10-02,69.5,0.0,0.52,7.9,79.16666666666667
2014-10-03,55.5,0.0,0.865,16.0,73.61111111111111
2014-10-04,42.0,0.001,0.055,13.65,79.16666666666667
2014-10-05,47.5,0.0,0.0055,9.85,66.66666666666667
2014-10-06,54.0,0.0,0.01,9.65,58.333333333333336
2014-10-07,58.0,0.0,0.0005,11.6,61.111111111111114
2014-10-08,56.5,0.0,0.0,11.25,41.66666666666667
2014-10-09,55.0,0.0,0.0,6.05,44.44444444444444
2014-10-10,50.5,0.0,0.0,6.699999999999999,69.44444444444444
2014-10-11,49.0,0.0,0.0,4.6,61.111111111111114
2014-10-12,53.0,0.0,0.01,9.5,72.22222222222223
2014-10-13,63.5,0.0,0.54,9.0,88.88888888888889
2014-10-14,60.0,0.0,0.915,9.399999999999999,94.44444444444444
2014-10-15,54.5,0.0,0.060000000000000005,9.8,93.05555555555556
2014-10-16,54.5,0.0,0.001,7.9,88.88888888888889
2014-10-17,55.5,0.0,0.0055,12.95,76.38888888888889
2014-10-18,44.5,0.0,0.015,8.95,84.72222222222223
2014-10-19,45.5,0.0,0.0,8.6,81.94444444444444
2014-10-20,57.0,0.0,0.005,9.2,66.66666666666667
2014-10-21,50.5,0.0,0.0,11.5,70.83333333333334
2014-10-22,48.0,0.0,0.0,4.949999999999999,72.22222222222223
2014-10-23,50.0,0.0,0.0005,8.1,73.61111111111111
2014-10-24,60.5,0.0,0.0,5.8,62.5
2014-10-25,62.5,0.0,0.0,10.65,38.88888888888889
2014-10-26,54.0,0.0,0.0,5.6,40.27777777777778
2014-10-27,65.5,0.0,0.01,13.25,61.111111111111114
2014-10-28,57.0,0.0,0.0155,15.1,50.0
2014-10-29,44.0,0.0,0.0,9.45,69.44444444444444
2014-10-30,43.5,0.0,0.0005,6.0,75.0
2014-10-31,41.0,0.1,0.035,22.75,61.111111111111114
